{"lodTreeExport":{"name":"Tile_-14626_42667_0000","status":{"lodCount":4,"tilesCount":12},"tileInfo":{"boundingBox":{"max":{"x":103.0318391159059,"y":891.5791688744184,"z":110.7530878971750},"min":{"x":-171.8604724505024,"y":576.1879573611960,"z":4.946271134177902}},"children":[{"tileInfo":{"boundingBox":{"max":{"x":-101.3826278506430,"y":837.6273221752470,"z":110.7442657312592},"min":{"x":-147.2193407729051,"y":794.8536564619576,"z":4.948844314274130}},"children":[{"tileInfo":{"boundingBox":{"max":{"x":-101.3826278506430,"y":837.6273221752470,"z":110.7442657312592},"min":{"x":-147.2193407729051,"y":794.8536564619576,"z":4.948844314274130}},"children":[{"tileInfo":{"boundingBox":{"max":{"x":-101.3826278506430,"y":837.6273221752470,"z":110.7442657312592},"min":{"x":-147.2193407729051,"y":794.8536564619576,"z":4.948844314274130}},"lodNum":3,"modelPath":"Tile_-14626_42667_0000_0000_0000.s3mb","rangeMode":"pixelSizeOnScreen","rangeValue":8.0}}],"lodNum":2,"modelPath":"Tile_-14626_42667_0000_0001_0000.s3mb","rangeMode":"pixelSizeOnScreen","rangeValue":4.0}}],"lodNum":1,"modelPath":"Tile_-14626_42667_0000_0002_0000.s3mb","rangeMode":"pixelSizeOnScreen","rangeValue":2.0}},{"tileInfo":{"boundingBox":{"max":{"x":-42.51615109890543,"y":891.5791688744184,"z":110.7530878971750},"min":{"x":-114.5128123694014,"y":735.6641650265748,"z":4.946271134177902}},"children":[{"tileInfo":{"boundingBox":{"max":{"x":-42.51615109890543,"y":891.5791688744184,"z":109.9376647800443},"min":{"x":-83.49461055591047,"y":824.5622084555060,"z":4.946271134177902}},"children":[{"tileInfo":{"boundingBox":{"max":{"x":-42.51615109890543,"y":891.5791688744184,"z":109.9376647800443},"min":{"x":-83.49461055591047,"y":824.5622084555060,"z":4.946271134177902}},"lodNum":3,"modelPath":"Tile_-14626_42667_0000_0000_0001.s3mb","rangeMode":"pixelSizeOnScreen","rangeValue":8.0}}],"lodNum":2,"modelPath":"Tile_-14626_42667_0000_0001_0001.s3mb","rangeMode":"pixelSizeOnScreen","rangeValue":4.0}},{"tileInfo":{"boundingBox":{"max":{"x":-47.08199285908837,"y":773.1389804954705,"z":110.7530878971750},"min":{"x":-114.5128123694014,"y":735.6641650265748,"z":4.956666168800762}},"children":[{"tileInfo":{"boundingBox":{"max":{"x":-47.08199285908837,"y":773.1389804954705,"z":110.7530878971750},"min":{"x":-114.5128123694014,"y":735.6641650265748,"z":4.956666168800762}},"lodNum":3,"modelPath":"Tile_-14626_42667_0000_0000_0002.s3mb","rangeMode":"pixelSizeOnScreen","rangeValue":8.0}}],"lodNum":2,"modelPath":"Tile_-14626_42667_0000_0001_0002.s3mb","rangeMode":"pixelSizeOnScreen","rangeValue":4.0}}],"lodNum":1,"modelPath":"Tile_-14626_42667_0000_0002_0001.s3mb","rangeMode":"pixelSizeOnScreen","rangeValue":2.0}},{"tileInfo":{"boundingBox":{"max":{"x":103.0318391159059,"y":707.7469382143279,"z":30.75123297090315},"min":{"x":-171.8604724505024,"y":576.1879573611960,"z":4.969647971448643}},"children":[{"tileInfo":{"boundingBox":{"max":{"x":103.0318391159059,"y":707.7469382143279,"z":30.75123297090315},"min":{"x":-171.8604724505024,"y":576.1879573611960,"z":4.969647971448643}},"children":[{"tileInfo":{"boundingBox":{"max":{"x":103.0318391159059,"y":707.7469382143279,"z":30.75123297090315},"min":{"x":-171.8604724505024,"y":576.1879573611960,"z":4.969647971448643}},"lodNum":3,"modelPath":"Tile_-14626_42667_0000_0000_0003.s3mb","rangeMode":"pixelSizeOnScreen","rangeValue":8.0}}],"lodNum":2,"modelPath":"Tile_-14626_42667_0000_0001_0003.s3mb","rangeMode":"pixelSizeOnScreen","rangeValue":4.0}}],"lodNum":1,"modelPath":"Tile_-14626_42667_0000_0002_0002.s3mb","rangeMode":"pixelSizeOnScreen","rangeValue":2.0}}],"lodNum":0,"modelPath":"Tile_-14626_42667_0000.s3mb","rangeMode":"pixelSizeOnScreen","rangeValue":1.0}}}
