{"lodTreeExport":{"name":"Tile_-14625_42668_0000","status":{"lodCount":4,"tilesCount":4},"tileInfo":{"boundingBox":{"max":{"x":243.6560665797451,"y":478.8057297704438,"z":66.97033164372270},"min":{"x":1.799301532090382,"y":263.8792444834357,"z":4.991683975248458}},"children":[{"tileInfo":{"boundingBox":{"max":{"x":243.6560665797451,"y":478.8057297704438,"z":66.97033164372270},"min":{"x":1.799301532090382,"y":263.8792444834357,"z":4.991683975248458}},"children":[{"tileInfo":{"boundingBox":{"max":{"x":243.6560665797451,"y":478.8057297704438,"z":66.97033164372270},"min":{"x":1.799301532090382,"y":263.8792444834357,"z":4.991683975248458}},"children":[{"tileInfo":{"boundingBox":{"max":{"x":243.6560665797451,"y":478.8057297704438,"z":66.97033164372270},"min":{"x":1.799301532090382,"y":263.8792444834357,"z":4.991683975248458}},"lodNum":3,"modelPath":"Tile_-14625_42668_0000_0000_0000.s3mb","rangeMode":"pixelSizeOnScreen","rangeValue":8.0}}],"lodNum":2,"modelPath":"Tile_-14625_42668_0000_0001_0000.s3mb","rangeMode":"pixelSizeOnScreen","rangeValue":4.0}}],"lodNum":1,"modelPath":"Tile_-14625_42668_0000_0002_0000.s3mb","rangeMode":"pixelSizeOnScreen","rangeValue":2.0}}],"lodNum":0,"modelPath":"Tile_-14625_42668_0000.s3mb","rangeMode":"pixelSizeOnScreen","rangeValue":1.0}}}
