{"lodTreeExport":{"name":"Tile_-14622_42669_0000","status":{"lodCount":4,"tilesCount":4},"tileInfo":{"boundingBox":{"max":{"x":408.8211175293955,"y":-527.2053899418698,"z":57.96547797155339},"min":{"x":274.5825865181964,"y":-547.3652046498103,"z":4.970971130419410}},"children":[{"tileInfo":{"boundingBox":{"max":{"x":408.8211175293955,"y":-527.2053899418698,"z":57.96547797155339},"min":{"x":274.5825865181964,"y":-547.3652046498103,"z":4.970971130419410}},"children":[{"tileInfo":{"boundingBox":{"max":{"x":408.8211175293955,"y":-527.2053899418698,"z":57.96547797155339},"min":{"x":274.5825865181964,"y":-547.3652046498103,"z":4.970971130419410}},"children":[{"tileInfo":{"boundingBox":{"max":{"x":408.8211175293955,"y":-527.2053899418698,"z":57.96547797155339},"min":{"x":274.5825865181964,"y":-547.3652046498103,"z":4.970971130419410}},"lodNum":3,"modelPath":"Tile_-14622_42669_0000_0000_0000.s3mb","rangeMode":"pixelSizeOnScreen","rangeValue":8.0}}],"lodNum":2,"modelPath":"Tile_-14622_42669_0000_0001_0000.s3mb","rangeMode":"pixelSizeOnScreen","rangeValue":4.0}}],"lodNum":1,"modelPath":"Tile_-14622_42669_0000_0002_0000.s3mb","rangeMode":"pixelSizeOnScreen","rangeValue":2.0}}],"lodNum":0,"modelPath":"Tile_-14622_42669_0000.s3mb","rangeMode":"pixelSizeOnScreen","rangeValue":1.0}}}
