{"lodTreeExport":{"name":"Tile_-14620_42663_0000","status":{"lodCount":4,"tilesCount":4},"tileInfo":{"boundingBox":{"max":{"x":-1028.804937870457,"y":-975.0645145992758,"z":124.4266006979245},"min":{"x":-1063.036952621787,"y":-1047.872243154653,"z":4.825468978515412}},"children":[{"tileInfo":{"boundingBox":{"max":{"x":-1028.804937870457,"y":-975.0645145992758,"z":124.4266006979245},"min":{"x":-1063.036952621787,"y":-1047.872243154653,"z":4.825468978515412}},"children":[{"tileInfo":{"boundingBox":{"max":{"x":-1028.804937870457,"y":-975.0645145992758,"z":124.4266006979245},"min":{"x":-1063.036952621787,"y":-1047.872243154653,"z":4.825468978515412}},"children":[{"tileInfo":{"boundingBox":{"max":{"x":-1028.804937870457,"y":-975.0645145992758,"z":124.4266006979245},"min":{"x":-1063.036952621787,"y":-1047.872243154653,"z":4.825468978515412}},"lodNum":3,"modelPath":"Tile_-14620_42663_0000_0000_0000.s3mb","rangeMode":"pixelSizeOnScreen","rangeValue":8.0}}],"lodNum":2,"modelPath":"Tile_-14620_42663_0000_0001_0000.s3mb","rangeMode":"pixelSizeOnScreen","rangeValue":4.0}}],"lodNum":1,"modelPath":"Tile_-14620_42663_0000_0002_0000.s3mb","rangeMode":"pixelSizeOnScreen","rangeValue":2.0}}],"lodNum":0,"modelPath":"Tile_-14620_42663_0000.s3mb","rangeMode":"pixelSizeOnScreen","rangeValue":1.0}}}
