{"lodTreeExport":{"name":"Tile_-14621_42669_0000","status":{"lodCount":4,"tilesCount":7},"tileInfo":{"boundingBox":{"max":{"x":412.0021354740603,"y":-719.9493617861965,"z":185.9871421301267},"min":{"x":270.8476893554545,"y":-909.5006239523852,"z":4.930498103495170}},"children":[{"tileInfo":{"boundingBox":{"max":{"x":383.8642286560213,"y":-736.4571884043037,"z":185.9871421301267},"min":{"x":312.3730298654110,"y":-805.6721084749440,"z":4.941661356219671}},"children":[{"tileInfo":{"boundingBox":{"max":{"x":383.8642286560213,"y":-736.4571884043037,"z":185.9871421301267},"min":{"x":312.3730298654110,"y":-805.6721084749440,"z":4.941661356219671}},"children":[{"tileInfo":{"boundingBox":{"max":{"x":383.8642286560213,"y":-736.4571884043037,"z":185.9871421301267},"min":{"x":312.3730298654110,"y":-805.6721084749440,"z":4.941661356219671}},"lodNum":3,"modelPath":"Tile_-14621_42669_0000_0000_0000.s3mb","rangeMode":"pixelSizeOnScreen","rangeValue":8.0}}],"lodNum":2,"modelPath":"Tile_-14621_42669_0000_0001_0000.s3mb","rangeMode":"pixelSizeOnScreen","rangeValue":4.0}}],"lodNum":1,"modelPath":"Tile_-14621_42669_0000_0002_0000.s3mb","rangeMode":"pixelSizeOnScreen","rangeValue":2.0}},{"tileInfo":{"boundingBox":{"max":{"x":412.0021354740603,"y":-719.9493617861965,"z":54.94715518204517},"min":{"x":270.8476893554545,"y":-909.5006239523852,"z":4.930498103495170}},"children":[{"tileInfo":{"boundingBox":{"max":{"x":412.0021354740603,"y":-719.9493617861965,"z":54.94715518204517},"min":{"x":270.8476893554545,"y":-909.5006239523852,"z":4.930498103495170}},"children":[{"tileInfo":{"boundingBox":{"max":{"x":412.0021354740603,"y":-719.9493617861965,"z":54.94715518204517},"min":{"x":270.8476893554545,"y":-909.5006239523852,"z":4.930498103495170}},"lodNum":3,"modelPath":"Tile_-14621_42669_0000_0000_0001.s3mb","rangeMode":"pixelSizeOnScreen","rangeValue":8.0}}],"lodNum":2,"modelPath":"Tile_-14621_42669_0000_0001_0001.s3mb","rangeMode":"pixelSizeOnScreen","rangeValue":4.0}}],"lodNum":1,"modelPath":"Tile_-14621_42669_0000_0002_0001.s3mb","rangeMode":"pixelSizeOnScreen","rangeValue":2.0}}],"lodNum":0,"modelPath":"Tile_-14621_42669_0000.s3mb","rangeMode":"pixelSizeOnScreen","rangeValue":1.0}}}
