{"lodTreeExport":{"name":"Tile_-40957_119477_0000","tileInfo":{"lodNum":0,"modelPath":"Tile_-40957_119477_0000.s3mb","rangeMode":"pixelSizeOnScreen","rangeValue":1.0,"boundingBox":{"min":{"x":-40.683738708496097,"y":-46.654296875,"z":4.999992370605469},"max":{"x":40.683738708496097,"y":46.654510498046878,"z":110.80000305175781}},"children":[{"tileInfo":{"lodNum":1,"modelPath":"Tile_-40957_119477_0000_0004_0000.s3mb","rangeMode":"pixelSizeOnScreen","rangeValue":2.0,"boundingBox":{"min":{"x":-40.683738708496097,"y":-46.654296875,"z":5.0},"max":{"x":40.683738708496097,"y":46.654510498046878,"z":28.200002670288087}},"children":[{"tileInfo":{"lodNum":2,"modelPath":"Tile_-40957_119477_0000_0003_0000.s3mb","rangeMode":"pixelSizeOnScreen","rangeValue":4.0,"boundingBox":{"min":{"x":-40.683738708496097,"y":-46.654296875,"z":5.0},"max":{"x":40.683738708496097,"y":46.654510498046878,"z":28.200002670288087}},"children":[{"tileInfo":{"lodNum":3,"modelPath":"Tile_-40957_119477_0000_0002_0000.s3mb","rangeMode":"pixelSizeOnScreen","rangeValue":8.0,"boundingBox":{"min":{"x":-40.683738708496097,"y":-46.654296875,"z":5.0},"max":{"x":40.683738708496097,"y":46.654510498046878,"z":28.200002670288087}},"children":[{"tileInfo":{"lodNum":4,"modelPath":"Tile_-40957_119477_0000_0001_0000.s3mb","rangeMode":"pixelSizeOnScreen","rangeValue":16.0,"boundingBox":{"min":{"x":-40.683738708496097,"y":-46.654296875,"z":5.0},"max":{"x":40.683738708496097,"y":46.654510498046878,"z":28.200002670288087}},"children":[{"tileInfo":{"lodNum":5,"modelPath":"Tile_-40957_119477_0000_0000_0000.s3mb","rangeMode":"pixelSizeOnScreen","rangeValue":32.0,"boundingBox":{"min":{"x":-40.683738708496097,"y":-46.654296875,"z":5.0},"max":{"x":40.683738708496097,"y":46.654510498046878,"z":28.200002670288087}}}}]}}]}}]}}]}},{"tileInfo":{"lodNum":1,"modelPath":"Tile_-40957_119477_0000_0004_0001.s3mb","rangeMode":"pixelSizeOnScreen","rangeValue":2.0,"boundingBox":{"min":{"x":-22.919048309326173,"y":-21.380401611328126,"z":4.999992370605469},"max":{"x":22.919048309326173,"y":21.38047218322754,"z":110.80000305175781}},"children":[{"tileInfo":{"lodNum":2,"modelPath":"Tile_-40957_119477_0000_0003_0001.s3mb","rangeMode":"pixelSizeOnScreen","rangeValue":4.0,"boundingBox":{"min":{"x":-22.919048309326173,"y":-21.380401611328126,"z":4.999992370605469},"max":{"x":22.919048309326173,"y":21.38047218322754,"z":110.80000305175781}},"children":[{"tileInfo":{"lodNum":3,"modelPath":"Tile_-40957_119477_0000_0002_0001.s3mb","rangeMode":"pixelSizeOnScreen","rangeValue":8.0,"boundingBox":{"min":{"x":-22.919048309326173,"y":-21.380401611328126,"z":4.999992370605469},"max":{"x":22.919048309326173,"y":21.38047218322754,"z":110.80000305175781}},"children":[{"tileInfo":{"lodNum":4,"modelPath":"Tile_-40957_119477_0000_0001_0001.s3mb","rangeMode":"pixelSizeOnScreen","rangeValue":16.0,"boundingBox":{"min":{"x":-22.919048309326173,"y":-21.380401611328126,"z":4.999992370605469},"max":{"x":22.919048309326173,"y":21.38047218322754,"z":110.80000305175781}},"children":[{"tileInfo":{"lodNum":5,"modelPath":"Tile_-40957_119477_0000_0000_0001.s3mb","rangeMode":"pixelSizeOnScreen","rangeValue":32.0,"boundingBox":{"min":{"x":-22.919048309326173,"y":-21.380401611328126,"z":4.999992370605469},"max":{"x":22.919048309326173,"y":21.38047218322754,"z":110.80000305175781}}}}]}}]}}]}}]}}]},"status":{"lodCount":5,"tilesCount":11}}}