{"lodTreeExport":{"name":"Tile_-40957_119481_0000","tileInfo":{"lodNum":0,"modelPath":"Tile_-40957_119481_0000.s3mb","rangeMode":"pixelSizeOnScreen","rangeValue":1.0,"boundingBox":{"min":{"x":-182.18191528320313,"y":-66.22371673583985,"z":4.999988555908203},"max":{"x":182.18191528320313,"y":66.22806549072266,"z":57.999996185302737}},"children":[{"tileInfo":{"lodNum":1,"modelPath":"Tile_-40957_119481_0000_0004_0000.s3mb","rangeMode":"pixelSizeOnScreen","rangeValue":2.0,"boundingBox":{"min":{"x":-182.18191528320313,"y":-66.22371673583985,"z":4.999988555908203},"max":{"x":182.18191528320313,"y":66.22806549072266,"z":57.999996185302737}},"children":[{"tileInfo":{"lodNum":2,"modelPath":"Tile_-40957_119481_0000_0003_0000.s3mb","rangeMode":"pixelSizeOnScreen","rangeValue":4.0,"boundingBox":{"min":{"x":-182.18191528320313,"y":-66.22371673583985,"z":4.999988555908203},"max":{"x":182.18191528320313,"y":66.22806549072266,"z":57.999996185302737}},"children":[{"tileInfo":{"lodNum":3,"modelPath":"Tile_-40957_119481_0000_0002_0000.s3mb","rangeMode":"pixelSizeOnScreen","rangeValue":8.0,"boundingBox":{"min":{"x":-182.18191528320313,"y":-66.22371673583985,"z":4.999988555908203},"max":{"x":182.18191528320313,"y":66.22806549072266,"z":57.999996185302737}},"children":[{"tileInfo":{"lodNum":4,"modelPath":"Tile_-40957_119481_0000_0001_0000.s3mb","rangeMode":"pixelSizeOnScreen","rangeValue":16.0,"boundingBox":{"min":{"x":-182.18191528320313,"y":-66.22371673583985,"z":4.999988555908203},"max":{"x":182.18191528320313,"y":66.22806549072266,"z":57.999996185302737}},"children":[{"tileInfo":{"lodNum":5,"modelPath":"Tile_-40957_119481_0000_0000_0000.s3mb","rangeMode":"pixelSizeOnScreen","rangeValue":32.0,"boundingBox":{"min":{"x":-182.18191528320313,"y":-66.22371673583985,"z":4.999988555908203},"max":{"x":182.18191528320313,"y":66.22806549072266,"z":57.999996185302737}}}}]}}]}}]}}]}}]},"status":{"lodCount":5,"tilesCount":6}}}