{"lodTreeExport":{"name":"Tile_-14622_42665_0000","status":{"lodCount":5,"tilesCount":11},"tileInfo":{"boundingBox":{"max":{"x":-274.0962043674615,"y":-277.5836605711032,"z":152.1886797420021},"min":{"x":-684.1863014554585,"y":-533.8802404058201,"z":4.946651073039774}},"children":[{"tileInfo":{"boundingBox":{"max":{"x":-646.0036682231877,"y":-277.5836605711032,"z":123.6326707476230},"min":{"x":-684.1863014554585,"y":-402.8491459097388,"z":4.950917495778080}},"children":[{"tileInfo":{"boundingBox":{"max":{"x":-646.0036682231877,"y":-277.5836605711032,"z":123.6326707476230},"min":{"x":-684.1863014554585,"y":-402.8491459097388,"z":4.950917495778080}},"children":[{"tileInfo":{"boundingBox":{"max":{"x":-646.0036682231877,"y":-277.5836605711032,"z":123.6326707476230},"min":{"x":-684.1863014554585,"y":-402.8491459097388,"z":4.950917495778080}},"lodNum":3,"modelPath":"Tile_-14622_42665_0000_0000_0000.s3mb","rangeMode":"pixelSizeOnScreen","rangeValue":8.0}}],"lodNum":2,"modelPath":"Tile_-14622_42665_0000_0001_0000.s3mb","rangeMode":"pixelSizeOnScreen","rangeValue":4.0}}],"lodNum":1,"modelPath":"Tile_-14622_42665_0000_0002_0000.s3mb","rangeMode":"pixelSizeOnScreen","rangeValue":2.0}},{"tileInfo":{"boundingBox":{"max":{"x":-274.0962043674615,"y":-288.0980070028861,"z":152.1886797420021},"min":{"x":-648.3054851501192,"y":-533.8802404058201,"z":4.946651073039774}},"children":[{"tileInfo":{"boundingBox":{"max":{"x":-310.1407451159345,"y":-288.1039577491883,"z":152.1886797420021},"min":{"x":-619.0740945798104,"y":-491.8263960893829,"z":14.85368536428812}},"children":[{"tileInfo":{"boundingBox":{"max":{"x":-310.1403954714018,"y":-288.1036642761735,"z":152.1886797420021},"min":{"x":-619.0746879661833,"y":-491.8417823871501,"z":14.85368631842893}},"children":[{"tileInfo":{"boundingBox":{"max":{"x":-310.1403954714018,"y":-288.1036642761735,"z":152.1886797420021},"min":{"x":-619.0746879661833,"y":-491.8417823871501,"z":14.86012842938214}},"lodNum":4,"modelPath":"Tile_-14622_42665_0000_-0001_0001.s3mb","rangeMode":"pixelSizeOnScreen","rangeValue":16.0}},{"tileInfo":{"boundingBox":{"max":{"x":-564.1257778892013,"y":-445.7719246963405,"z":34.86050460386743},"min":{"x":-619.0740945794150,"y":-491.8263884600466,"z":14.85368631842893}},"lodNum":4,"modelPath":"Tile_-14622_42665_0000_-0001_0002.s3mb","rangeMode":"pixelSizeOnScreen","rangeValue":16.0}}],"lodNum":3,"modelPath":"Tile_-14622_42665_0000_0000_0001.s3mb","rangeMode":"pixelSizeOnScreen","rangeValue":8.0}}],"lodNum":2,"modelPath":"Tile_-14622_42665_0000_0001_0001.s3mb","rangeMode":"pixelSizeOnScreen","rangeValue":4.0}},{"tileInfo":{"boundingBox":{"max":{"x":-274.0962043674615,"y":-288.0980070028861,"z":19.49153219774679},"min":{"x":-648.3054851501192,"y":-533.8802404058201,"z":4.946651073039774}},"children":[{"tileInfo":{"boundingBox":{"max":{"x":-274.0962043674615,"y":-288.0980070028861,"z":19.49153219774679},"min":{"x":-648.3054851501192,"y":-533.8802404058201,"z":4.946651073039774}},"lodNum":3,"modelPath":"Tile_-14622_42665_0000_0000_0002.s3mb","rangeMode":"pixelSizeOnScreen","rangeValue":8.0}}],"lodNum":2,"modelPath":"Tile_-14622_42665_0000_0001_0002.s3mb","rangeMode":"pixelSizeOnScreen","rangeValue":4.0}}],"lodNum":1,"modelPath":"Tile_-14622_42665_0000_0002_0001.s3mb","rangeMode":"pixelSizeOnScreen","rangeValue":2.0}}],"lodNum":0,"modelPath":"Tile_-14622_42665_0000.s3mb","rangeMode":"pixelSizeOnScreen","rangeValue":1.0}}}
