{"lodTreeExport":{"name":"Tile_-14627_42667_0000","status":{"lodCount":4,"tilesCount":9},"tileInfo":{"boundingBox":{"max":{"x":52.16191798598058,"y":1040.300561857106,"z":110.7321405869701},"min":{"x":-187.4643946859743,"y":882.6394929458596,"z":4.918377379481410}},"children":[{"tileInfo":{"boundingBox":{"max":{"x":-101.3776165032480,"y":1040.300561857106,"z":110.7321405869701},"min":{"x":-187.4643946859743,"y":882.6394929458596,"z":4.927243653329003}},"children":[{"tileInfo":{"boundingBox":{"max":{"x":-106.0956544244394,"y":1040.300561857106,"z":28.11458235663766},"min":{"x":-187.4643946859743,"y":946.9897078764711,"z":4.927243653329003}},"children":[{"tileInfo":{"boundingBox":{"max":{"x":-106.0956544244394,"y":1040.300561857106,"z":28.11458235663766},"min":{"x":-187.4643946859743,"y":946.9897078764711,"z":4.927243653329003}},"lodNum":3,"modelPath":"Tile_-14627_42667_0000_0000_0000.s3mb","rangeMode":"pixelSizeOnScreen","rangeValue":8.0}}],"lodNum":2,"modelPath":"Tile_-14627_42667_0000_0001_0000.s3mb","rangeMode":"pixelSizeOnScreen","rangeValue":4.0}},{"tileInfo":{"boundingBox":{"max":{"x":-101.3776165032480,"y":925.4146147852323,"z":110.7321405869701},"min":{"x":-147.2143485732212,"y":882.6394929458596,"z":4.937298396062309}},"children":[{"tileInfo":{"boundingBox":{"max":{"x":-101.3776165032480,"y":925.4146147852323,"z":110.7321405869701},"min":{"x":-147.2143485732212,"y":882.6394929458596,"z":4.937298396062309}},"lodNum":3,"modelPath":"Tile_-14627_42667_0000_0000_0001.s3mb","rangeMode":"pixelSizeOnScreen","rangeValue":8.0}}],"lodNum":2,"modelPath":"Tile_-14627_42667_0000_0001_0001.s3mb","rangeMode":"pixelSizeOnScreen","rangeValue":4.0}}],"lodNum":1,"modelPath":"Tile_-14627_42667_0000_0002_0000.s3mb","rangeMode":"pixelSizeOnScreen","rangeValue":2.0}},{"tileInfo":{"boundingBox":{"max":{"x":52.16191798598058,"y":1033.584857976651,"z":57.91679852801092},"min":{"x":-144.1020641208388,"y":1014.940392075899,"z":4.918377379481410}},"children":[{"tileInfo":{"boundingBox":{"max":{"x":52.16191798598058,"y":1033.584857976651,"z":57.91679852801092},"min":{"x":-144.1020641208388,"y":1014.940392075899,"z":4.918377379481410}},"children":[{"tileInfo":{"boundingBox":{"max":{"x":52.16191798598058,"y":1033.584857976651,"z":57.91679852801092},"min":{"x":-144.1020641208388,"y":1014.940392075899,"z":4.918377379481410}},"lodNum":3,"modelPath":"Tile_-14627_42667_0000_0000_0002.s3mb","rangeMode":"pixelSizeOnScreen","rangeValue":8.0}}],"lodNum":2,"modelPath":"Tile_-14627_42667_0000_0001_0002.s3mb","rangeMode":"pixelSizeOnScreen","rangeValue":4.0}}],"lodNum":1,"modelPath":"Tile_-14627_42667_0000_0002_0001.s3mb","rangeMode":"pixelSizeOnScreen","rangeValue":2.0}}],"lodNum":0,"modelPath":"Tile_-14627_42667_0000.s3mb","rangeMode":"pixelSizeOnScreen","rangeValue":1.0}}}
