{"lodTreeExport":{"name":"Tile_-14621_42666_0000","status":{"lodCount":5,"tilesCount":19},"tileInfo":{"boundingBox":{"max":{"x":-292.6329496492728,"y":-638.8435937158157,"z":237.5232421214489},"min":{"x":-540.4340229877440,"y":-982.7353969584374,"z":4.378338703424173}},"children":[{"tileInfo":{"boundingBox":{"max":{"x":-333.4198702192477,"y":-638.8435937158157,"z":237.5232421214489},"min":{"x":-534.8346729357035,"y":-764.4339731162760,"z":4.817681580206560}},"children":[{"tileInfo":{"boundingBox":{"max":{"x":-334.0529483423489,"y":-638.8435937158157,"z":36.46011397115002},"min":{"x":-534.7607790660389,"y":-696.8515820823678,"z":4.817681580206560}},"children":[{"tileInfo":{"boundingBox":{"max":{"x":-334.0529483423489,"y":-638.8435937158157,"z":36.46011397115002},"min":{"x":-534.7607790660389,"y":-696.8515820823678,"z":4.817681580206560}},"lodNum":3,"modelPath":"Tile_-14621_42666_0000_0000_0000.s3mb","rangeMode":"pixelSizeOnScreen","rangeValue":8.0}}],"lodNum":2,"modelPath":"Tile_-14621_42666_0000_0001_0000.s3mb","rangeMode":"pixelSizeOnScreen","rangeValue":4.0}},{"tileInfo":{"boundingBox":{"max":{"x":-333.4198702192477,"y":-656.8886605070152,"z":237.5232421214489},"min":{"x":-534.8346729357035,"y":-764.4339731162760,"z":4.933595969445624}},"children":[{"tileInfo":{"boundingBox":{"max":{"x":-333.4174942801520,"y":-656.8810591325088,"z":237.5177440949783},"min":{"x":-534.8346729357035,"y":-764.4391324851673,"z":4.933595969445624}},"children":[{"tileInfo":{"boundingBox":{"max":{"x":-339.4185569748403,"y":-656.8810591325088,"z":208.5177443384186},"min":{"x":-528.8342973997436,"y":-764.4391324851673,"z":4.936550547878756}},"lodNum":4,"modelPath":"Tile_-14621_42666_0000_-0001_0001.s3mb","rangeMode":"pixelSizeOnScreen","rangeValue":16.0}},{"tileInfo":{"boundingBox":{"max":{"x":-333.4174942801520,"y":-656.8842743485180,"z":237.5177440949783},"min":{"x":-534.8254844538407,"y":-757.4328055179454,"z":4.933595969445624}},"lodNum":4,"modelPath":"Tile_-14621_42666_0000_-0001_0002.s3mb","rangeMode":"pixelSizeOnScreen","rangeValue":16.0}},{"tileInfo":{"boundingBox":{"max":{"x":-333.4182974227759,"y":-713.9605469848087,"z":164.7521435479059},"min":{"x":-534.8346729357035,"y":-757.4477730077099,"z":152.9335947179405}},"lodNum":4,"modelPath":"Tile_-14621_42666_0000_-0001_0003.s3mb","rangeMode":"pixelSizeOnScreen","rangeValue":16.0}}],"lodNum":3,"modelPath":"Tile_-14621_42666_0000_0000_0001.s3mb","rangeMode":"pixelSizeOnScreen","rangeValue":8.0}}],"lodNum":2,"modelPath":"Tile_-14621_42666_0000_0001_0001.s3mb","rangeMode":"pixelSizeOnScreen","rangeValue":4.0}}],"lodNum":1,"modelPath":"Tile_-14621_42666_0000_0002_0000.s3mb","rangeMode":"pixelSizeOnScreen","rangeValue":2.0}},{"tileInfo":{"boundingBox":{"max":{"x":-360.1553004392940,"y":-801.3612530619311,"z":119.3907691502596},"min":{"x":-540.4340229877440,"y":-982.7353969584374,"z":4.378338703424173}},"children":[{"tileInfo":{"boundingBox":{"max":{"x":-360.1553004392940,"y":-801.3612530619311,"z":119.3907691502596},"min":{"x":-540.4340229877440,"y":-982.7353969584374,"z":4.378338703424173}},"children":[{"tileInfo":{"boundingBox":{"max":{"x":-360.1479862469524,"y":-801.3467634010156,"z":119.3907691502596},"min":{"x":-540.4370462110732,"y":-982.7413860654866,"z":4.378338703424173}},"children":[{"tileInfo":{"boundingBox":{"max":{"x":-360.1479862469524,"y":-801.3467634010156,"z":119.3907691502596},"min":{"x":-540.4370462110732,"y":-982.7413860654866,"z":4.378338703424173}},"lodNum":4,"modelPath":"Tile_-14621_42666_0000_-0001_0004.s3mb","rangeMode":"pixelSizeOnScreen","rangeValue":16.0}},{"tileInfo":{"boundingBox":{"max":{"x":-364.3997056886606,"y":-826.7231143109854,"z":15.78503916113088},"min":{"x":-526.3389310938597,"y":-914.0016087611356,"z":4.388946845767516}},"lodNum":4,"modelPath":"Tile_-14621_42666_0000_-0001_0005.s3mb","rangeMode":"pixelSizeOnScreen","rangeValue":16.0}}],"lodNum":3,"modelPath":"Tile_-14621_42666_0000_0000_0002.s3mb","rangeMode":"pixelSizeOnScreen","rangeValue":8.0}}],"lodNum":2,"modelPath":"Tile_-14621_42666_0000_0001_0002.s3mb","rangeMode":"pixelSizeOnScreen","rangeValue":4.0}}],"lodNum":1,"modelPath":"Tile_-14621_42666_0000_0002_0001.s3mb","rangeMode":"pixelSizeOnScreen","rangeValue":2.0}},{"tileInfo":{"boundingBox":{"max":{"x":-292.6329496492728,"y":-799.1816558974902,"z":109.4438804875509},"min":{"x":-319.6352484725888,"y":-980.8793362541474,"z":4.917228733777013}},"children":[{"tileInfo":{"boundingBox":{"max":{"x":-292.6329496492728,"y":-799.1816558974902,"z":109.4438804875509},"min":{"x":-319.6352484725888,"y":-980.8793362541474,"z":4.917228733777013}},"children":[{"tileInfo":{"boundingBox":{"max":{"x":-292.6294637016307,"y":-799.1681619639639,"z":109.4398904464424},"min":{"x":-319.6401297659016,"y":-980.8935277473411,"z":4.917228733777013}},"children":[{"tileInfo":{"boundingBox":{"max":{"x":-292.6294637016307,"y":-827.7614802182120,"z":109.4398904464424},"min":{"x":-319.6401297659016,"y":-980.8935277473411,"z":4.918524501945448}},"lodNum":4,"modelPath":"Tile_-14621_42666_0000_-0001_0006.s3mb","rangeMode":"pixelSizeOnScreen","rangeValue":16.0}},{"tileInfo":{"boundingBox":{"max":{"x":-292.6294789607259,"y":-799.1681619639639,"z":109.4383006606647},"min":{"x":-319.6352484725888,"y":-980.8793362541474,"z":4.917228733777013}},"lodNum":4,"modelPath":"Tile_-14621_42666_0000_-0001_0007.s3mb","rangeMode":"pixelSizeOnScreen","rangeValue":16.0}}],"lodNum":3,"modelPath":"Tile_-14621_42666_0000_0000_0003.s3mb","rangeMode":"pixelSizeOnScreen","rangeValue":8.0}}],"lodNum":2,"modelPath":"Tile_-14621_42666_0000_0001_0003.s3mb","rangeMode":"pixelSizeOnScreen","rangeValue":4.0}}],"lodNum":1,"modelPath":"Tile_-14621_42666_0000_0002_0002.s3mb","rangeMode":"pixelSizeOnScreen","rangeValue":2.0}}],"lodNum":0,"modelPath":"Tile_-14621_42666_0000.s3mb","rangeMode":"pixelSizeOnScreen","rangeValue":1.0}}}
