{"lodTreeExport":{"name":"Tile_-14625_42664_0000","status":{"lodCount":4,"tilesCount":17},"tileInfo":{"boundingBox":{"max":{"x":-627.2786040325066,"y":601.3332972786545,"z":84.55244812953019},"min":{"x":-887.9028365644575,"y":355.2713409161972,"z":4.918242350631338}},"children":[{"tileInfo":{"boundingBox":{"max":{"x":-823.0391199268651,"y":599.9972215114799,"z":84.51897895967353},"min":{"x":-887.9028365644575,"y":507.5614624508349,"z":4.918242350631338}},"children":[{"tileInfo":{"boundingBox":{"max":{"x":-823.0391199268651,"y":599.9972215114799,"z":84.51897895967353},"min":{"x":-887.9028365644575,"y":507.5614624508349,"z":4.918242350631338}},"children":[{"tileInfo":{"boundingBox":{"max":{"x":-823.0391199268651,"y":599.9972215114799,"z":84.51897895967353},"min":{"x":-887.9028365644575,"y":507.5614624508349,"z":4.918242350631338}},"lodNum":3,"modelPath":"Tile_-14625_42664_0000_0000_0000.s3mb","rangeMode":"pixelSizeOnScreen","rangeValue":8.0}}],"lodNum":2,"modelPath":"Tile_-14625_42664_0000_0001_0000.s3mb","rangeMode":"pixelSizeOnScreen","rangeValue":4.0}}],"lodNum":1,"modelPath":"Tile_-14625_42664_0000_0002_0000.s3mb","rangeMode":"pixelSizeOnScreen","rangeValue":2.0}},{"tileInfo":{"boundingBox":{"max":{"x":-822.7943521322362,"y":473.8494034326425,"z":84.52962975390621},"min":{"x":-887.6580684405999,"y":381.4152163501748,"z":4.927067465164111}},"children":[{"tileInfo":{"boundingBox":{"max":{"x":-822.7943521322362,"y":473.8494034326425,"z":84.52962975390621},"min":{"x":-887.6580684405999,"y":381.4152163501748,"z":4.927067465164111}},"children":[{"tileInfo":{"boundingBox":{"max":{"x":-822.7943521322362,"y":473.8494034326425,"z":84.52962975390621},"min":{"x":-887.6580684405999,"y":381.4152163501748,"z":4.927067465164111}},"lodNum":3,"modelPath":"Tile_-14625_42664_0000_0000_0001.s3mb","rangeMode":"pixelSizeOnScreen","rangeValue":8.0}}],"lodNum":2,"modelPath":"Tile_-14625_42664_0000_0001_0001.s3mb","rangeMode":"pixelSizeOnScreen","rangeValue":4.0}}],"lodNum":1,"modelPath":"Tile_-14625_42664_0000_0002_0001.s3mb","rangeMode":"pixelSizeOnScreen","rangeValue":2.0}},{"tileInfo":{"boundingBox":{"max":{"x":-627.2786040325066,"y":601.3332972786545,"z":84.53956909070662},"min":{"x":-843.4008573832107,"y":422.7242697771346,"z":4.923215635457331}},"children":[{"tileInfo":{"boundingBox":{"max":{"x":-741.0670442564804,"y":599.9890729926286,"z":84.52892160175450},"min":{"x":-824.2140436185219,"y":548.8705136478358,"z":4.923215635457331}},"children":[{"tileInfo":{"boundingBox":{"max":{"x":-741.0670442564804,"y":599.9890729926286,"z":84.52892160175450},"min":{"x":-824.2140436185219,"y":548.8705136478358,"z":4.923215635457331}},"lodNum":3,"modelPath":"Tile_-14625_42664_0000_0000_0002.s3mb","rangeMode":"pixelSizeOnScreen","rangeValue":8.0}}],"lodNum":2,"modelPath":"Tile_-14625_42664_0000_0001_0002.s3mb","rangeMode":"pixelSizeOnScreen","rangeValue":4.0}},{"tileInfo":{"boundingBox":{"max":{"x":-740.8222757195837,"y":473.8412576910267,"z":84.53956909070662},"min":{"x":-823.9692762849039,"y":422.7242697771346,"z":4.932855313584282}},"children":[{"tileInfo":{"boundingBox":{"max":{"x":-740.8222757195837,"y":473.8412576910267,"z":84.53956909070662},"min":{"x":-823.9692762849039,"y":422.7242697771346,"z":4.932855313584282}},"lodNum":3,"modelPath":"Tile_-14625_42664_0000_0000_0003.s3mb","rangeMode":"pixelSizeOnScreen","rangeValue":8.0}}],"lodNum":2,"modelPath":"Tile_-14625_42664_0000_0001_0003.s3mb","rangeMode":"pixelSizeOnScreen","rangeValue":4.0}},{"tileInfo":{"boundingBox":{"max":{"x":-627.2786040325066,"y":601.3332972786545,"z":84.53876149864745},"min":{"x":-843.4008573832107,"y":483.0452597405941,"z":4.926888688715441}},"children":[{"tileInfo":{"boundingBox":{"max":{"x":-627.2786040325066,"y":601.3332972786545,"z":84.53876149864745},"min":{"x":-843.4008573832107,"y":483.0452597405941,"z":4.926888688715441}},"lodNum":3,"modelPath":"Tile_-14625_42664_0000_0000_0004.s3mb","rangeMode":"pixelSizeOnScreen","rangeValue":8.0}}],"lodNum":2,"modelPath":"Tile_-14625_42664_0000_0001_0004.s3mb","rangeMode":"pixelSizeOnScreen","rangeValue":4.0}}],"lodNum":1,"modelPath":"Tile_-14625_42664_0000_0002_0002.s3mb","rangeMode":"pixelSizeOnScreen","rangeValue":2.0}},{"tileInfo":{"boundingBox":{"max":{"x":-632.4892759320428,"y":469.9162899832023,"z":84.55244812953019},"min":{"x":-841.3605597539568,"y":355.2713409161972,"z":4.935693378271818}},"children":[{"tileInfo":{"boundingBox":{"max":{"x":-632.4892759320428,"y":469.9162899832023,"z":84.55244812953019},"min":{"x":-841.3605597539568,"y":355.2713409161972,"z":4.935693378271818}},"children":[{"tileInfo":{"boundingBox":{"max":{"x":-632.4892759320428,"y":469.9162899832023,"z":84.55244812953019},"min":{"x":-841.3605597539568,"y":355.2713409161972,"z":4.935693378271818}},"lodNum":3,"modelPath":"Tile_-14625_42664_0000_0000_0005.s3mb","rangeMode":"pixelSizeOnScreen","rangeValue":8.0}}],"lodNum":2,"modelPath":"Tile_-14625_42664_0000_0001_0005.s3mb","rangeMode":"pixelSizeOnScreen","rangeValue":4.0}}],"lodNum":1,"modelPath":"Tile_-14625_42664_0000_0002_0003.s3mb","rangeMode":"pixelSizeOnScreen","rangeValue":2.0}}],"lodNum":0,"modelPath":"Tile_-14625_42664_0000.s3mb","rangeMode":"pixelSizeOnScreen","rangeValue":1.0}}}
