{"lodTreeExport":{"name":"Tile_-40953_119477_0000","tileInfo":{"lodNum":0,"modelPath":"Tile_-40953_119477_0000.s3mb","rangeMode":"pixelSizeOnScreen","rangeValue":1.0,"boundingBox":{"min":{"x":-12.474733352661133,"y":-509.8918151855469,"z":5.182321071624756},"max":{"x":12.474733352661133,"y":509.891845703125,"z":5.602636814117432}},"children":[{"tileInfo":{"lodNum":1,"modelPath":"Tile_-40953_119477_0000_0004_0000.s3mb","rangeMode":"pixelSizeOnScreen","rangeValue":2.0,"boundingBox":{"min":{"x":-12.474733352661133,"y":-509.8918151855469,"z":5.182321071624756},"max":{"x":12.474733352661133,"y":509.891845703125,"z":5.602636814117432}},"children":[{"tileInfo":{"lodNum":2,"modelPath":"Tile_-40953_119477_0000_0003_0000.s3mb","rangeMode":"pixelSizeOnScreen","rangeValue":4.0,"boundingBox":{"min":{"x":-12.474733352661133,"y":-509.8918151855469,"z":5.182321071624756},"max":{"x":12.474733352661133,"y":509.891845703125,"z":5.602636814117432}},"children":[{"tileInfo":{"lodNum":3,"modelPath":"Tile_-40953_119477_0000_0002_0000.s3mb","rangeMode":"pixelSizeOnScreen","rangeValue":8.0,"boundingBox":{"min":{"x":-12.474733352661133,"y":-509.8918151855469,"z":5.182321071624756},"max":{"x":12.474733352661133,"y":509.891845703125,"z":5.602636814117432}},"children":[{"tileInfo":{"lodNum":4,"modelPath":"Tile_-40953_119477_0000_0001_0000.s3mb","rangeMode":"pixelSizeOnScreen","rangeValue":16.0,"boundingBox":{"min":{"x":-12.474733352661133,"y":-509.8918151855469,"z":5.182321071624756},"max":{"x":12.474733352661133,"y":509.891845703125,"z":5.602636814117432}},"children":[{"tileInfo":{"lodNum":5,"modelPath":"Tile_-40953_119477_0000_0000_0000.s3mb","rangeMode":"pixelSizeOnScreen","rangeValue":32.0,"boundingBox":{"min":{"x":-12.474733352661133,"y":-509.8918151855469,"z":5.182321071624756},"max":{"x":12.474733352661133,"y":509.891845703125,"z":5.602636814117432}}}}]}}]}}]}}]}}]},"status":{"lodCount":5,"tilesCount":6}}}