{"lodTreeExport":{"name":"Tile_-40953_119480_0000","tileInfo":{"lodNum":0,"modelPath":"Tile_-40953_119480_0000.s3mb","rangeMode":"pixelSizeOnScreen","rangeValue":1.0,"boundingBox":{"min":{"x":-336.0384216308594,"y":-542.5154418945313,"z":4.992992877960205},"max":{"x":336.0384216308594,"y":542.5302734375,"z":28.54900360107422}},"children":[{"tileInfo":{"lodNum":1,"modelPath":"Tile_-40953_119480_0000_0004_0000.s3mb","rangeMode":"pixelSizeOnScreen","rangeValue":2.0,"boundingBox":{"min":{"x":-336.0384216308594,"y":-542.5154418945313,"z":4.998776435852051},"max":{"x":336.0384216308594,"y":542.5302734375,"z":5.008796691894531}},"children":[{"tileInfo":{"lodNum":2,"modelPath":"Tile_-40953_119480_0000_0003_0000.s3mb","rangeMode":"pixelSizeOnScreen","rangeValue":4.0,"boundingBox":{"min":{"x":-336.0384216308594,"y":-542.5154418945313,"z":4.998776435852051},"max":{"x":336.0384216308594,"y":542.5302734375,"z":5.008796691894531}},"children":[{"tileInfo":{"lodNum":3,"modelPath":"Tile_-40953_119480_0000_0002_0000.s3mb","rangeMode":"pixelSizeOnScreen","rangeValue":8.0,"boundingBox":{"min":{"x":-336.0384216308594,"y":-542.5154418945313,"z":4.998776435852051},"max":{"x":336.0384216308594,"y":542.5302734375,"z":5.008796691894531}},"children":[{"tileInfo":{"lodNum":4,"modelPath":"Tile_-40953_119480_0000_0001_0000.s3mb","rangeMode":"pixelSizeOnScreen","rangeValue":16.0,"boundingBox":{"min":{"x":-336.0384216308594,"y":-542.5154418945313,"z":4.998776435852051},"max":{"x":336.0384216308594,"y":542.5302734375,"z":5.008796691894531}},"children":[{"tileInfo":{"lodNum":5,"modelPath":"Tile_-40953_119480_0000_0000_0000.s3mb","rangeMode":"pixelSizeOnScreen","rangeValue":32.0,"boundingBox":{"min":{"x":-336.0384216308594,"y":-542.5154418945313,"z":4.998776435852051},"max":{"x":336.0384216308594,"y":542.5302734375,"z":5.008796691894531}}}}]}}]}}]}}]}},{"tileInfo":{"lodNum":1,"modelPath":"Tile_-40953_119480_0000_0004_0001.s3mb","rangeMode":"pixelSizeOnScreen","rangeValue":2.0,"boundingBox":{"min":{"x":-2.3751630783081056,"y":-5.0081281661987309,"z":5.000001907348633},"max":{"x":2.3751633167266847,"y":5.008128643035889,"z":28.54900360107422}},"children":[{"tileInfo":{"lodNum":2,"modelPath":"Tile_-40953_119480_0000_0003_0001.s3mb","rangeMode":"pixelSizeOnScreen","rangeValue":4.0,"boundingBox":{"min":{"x":-2.3751630783081056,"y":-5.0081281661987309,"z":5.000001907348633},"max":{"x":2.3751633167266847,"y":5.008128643035889,"z":28.54900360107422}},"children":[{"tileInfo":{"lodNum":3,"modelPath":"Tile_-40953_119480_0000_0002_0001.s3mb","rangeMode":"pixelSizeOnScreen","rangeValue":8.0,"boundingBox":{"min":{"x":-2.3751630783081056,"y":-5.0081281661987309,"z":5.000001907348633},"max":{"x":2.3751633167266847,"y":5.008128643035889,"z":28.54900360107422}},"children":[{"tileInfo":{"lodNum":4,"modelPath":"Tile_-40953_119480_0000_0001_0001.s3mb","rangeMode":"pixelSizeOnScreen","rangeValue":16.0,"boundingBox":{"min":{"x":-2.3751630783081056,"y":-5.0081281661987309,"z":5.000001907348633},"max":{"x":2.3751633167266847,"y":5.008128643035889,"z":28.54900360107422}},"children":[{"tileInfo":{"lodNum":5,"modelPath":"Tile_-40953_119480_0000_0000_0001.s3mb","rangeMode":"pixelSizeOnScreen","rangeValue":32.0,"boundingBox":{"min":{"x":-2.3751630783081056,"y":-5.0081281661987309,"z":5.000001907348633},"max":{"x":2.3751633167266847,"y":5.008128643035889,"z":28.54900360107422}}}}]}}]}}]}}]}},{"tileInfo":{"lodNum":1,"modelPath":"Tile_-40953_119480_0000_0004_0002.s3mb","rangeMode":"pixelSizeOnScreen","rangeValue":2.0,"boundingBox":{"min":{"x":-311.43792724609377,"y":-160.5299530029297,"z":5.200000286102295},"max":{"x":311.43792724609377,"y":160.5426788330078,"z":6.400030612945557}},"children":[{"tileInfo":{"lodNum":2,"modelPath":"Tile_-40953_119480_0000_0003_0002.s3mb","rangeMode":"pixelSizeOnScreen","rangeValue":4.0,"boundingBox":{"min":{"x":-311.43792724609377,"y":-160.5299530029297,"z":5.200000286102295},"max":{"x":311.43792724609377,"y":160.5426788330078,"z":6.400030612945557}},"children":[{"tileInfo":{"lodNum":3,"modelPath":"Tile_-40953_119480_0000_0002_0002.s3mb","rangeMode":"pixelSizeOnScreen","rangeValue":8.0,"boundingBox":{"min":{"x":-311.43792724609377,"y":-160.5299530029297,"z":5.200000286102295},"max":{"x":311.43792724609377,"y":160.5426788330078,"z":6.400030612945557}},"children":[{"tileInfo":{"lodNum":4,"modelPath":"Tile_-40953_119480_0000_0001_0002.s3mb","rangeMode":"pixelSizeOnScreen","rangeValue":16.0,"boundingBox":{"min":{"x":-311.43792724609377,"y":-160.5299530029297,"z":5.200000286102295},"max":{"x":311.43792724609377,"y":160.5426788330078,"z":6.400030612945557}},"children":[{"tileInfo":{"lodNum":5,"modelPath":"Tile_-40953_119480_0000_0000_0002.s3mb","rangeMode":"pixelSizeOnScreen","rangeValue":32.0,"boundingBox":{"min":{"x":-311.43792724609377,"y":-160.5299530029297,"z":5.200000286102295},"max":{"x":311.43792724609377,"y":160.5426788330078,"z":6.400030612945557}}}}]}}]}}]}}]}},{"tileInfo":{"lodNum":1,"modelPath":"Tile_-40953_119480_0000_0004_0003.s3mb","rangeMode":"pixelSizeOnScreen","rangeValue":2.0,"boundingBox":{"min":{"x":-327.1209411621094,"y":-172.71910095214845,"z":4.992992877960205},"max":{"x":327.1209411621094,"y":172.73312377929688,"z":5.204010486602783}},"children":[{"tileInfo":{"lodNum":2,"modelPath":"Tile_-40953_119480_0000_0003_0003.s3mb","rangeMode":"pixelSizeOnScreen","rangeValue":4.0,"boundingBox":{"min":{"x":-327.1209411621094,"y":-172.71910095214845,"z":4.992992877960205},"max":{"x":327.1209411621094,"y":172.73312377929688,"z":5.204010486602783}},"children":[{"tileInfo":{"lodNum":3,"modelPath":"Tile_-40953_119480_0000_0002_0003.s3mb","rangeMode":"pixelSizeOnScreen","rangeValue":8.0,"boundingBox":{"min":{"x":-327.1209411621094,"y":-172.71910095214845,"z":4.992992877960205},"max":{"x":327.1209411621094,"y":172.73312377929688,"z":5.204010486602783}},"children":[{"tileInfo":{"lodNum":4,"modelPath":"Tile_-40953_119480_0000_0001_0003.s3mb","rangeMode":"pixelSizeOnScreen","rangeValue":16.0,"boundingBox":{"min":{"x":-327.1209411621094,"y":-172.71910095214845,"z":4.992992877960205},"max":{"x":327.1209411621094,"y":172.73312377929688,"z":5.204010486602783}},"children":[{"tileInfo":{"lodNum":5,"modelPath":"Tile_-40953_119480_0000_0000_0003.s3mb","rangeMode":"pixelSizeOnScreen","rangeValue":32.0,"boundingBox":{"min":{"x":-327.1209411621094,"y":-172.71910095214845,"z":4.992992877960205},"max":{"x":327.1209411621094,"y":172.73312377929688,"z":5.204010486602783}}}}]}}]}}]}}]}}]},"status":{"lodCount":5,"tilesCount":21}}}