{"lodTreeExport":{"name":"Tile_-14625_42669_0000","status":{"lodCount":4,"tilesCount":7},"tileInfo":{"boundingBox":{"max":{"x":440.2296997737230,"y":654.4048541714469,"z":24.45861142666693},"min":{"x":160.3108312273191,"y":362.8273130776222,"z":4.977317735850580}},"children":[{"tileInfo":{"boundingBox":{"max":{"x":420.0037230446459,"y":654.4048541714469,"z":24.45861142666693},"min":{"x":160.3108312273191,"y":380.5061375634037,"z":4.977317735850580}},"children":[{"tileInfo":{"boundingBox":{"max":{"x":420.0037230446459,"y":654.4048541714469,"z":24.45861142666693},"min":{"x":160.3108312273191,"y":380.5061375634037,"z":4.977317735850580}},"children":[{"tileInfo":{"boundingBox":{"max":{"x":420.0037230446459,"y":654.4048541714469,"z":24.45861142666693},"min":{"x":160.3108312273191,"y":380.5061375634037,"z":4.977317735850580}},"lodNum":3,"modelPath":"Tile_-14625_42669_0000_0000_0000.s3mb","rangeMode":"pixelSizeOnScreen","rangeValue":8.0}}],"lodNum":2,"modelPath":"Tile_-14625_42669_0000_0001_0000.s3mb","rangeMode":"pixelSizeOnScreen","rangeValue":4.0}}],"lodNum":1,"modelPath":"Tile_-14625_42669_0000_0002_0000.s3mb","rangeMode":"pixelSizeOnScreen","rangeValue":2.0}},{"tileInfo":{"boundingBox":{"max":{"x":440.2296997737230,"y":653.3671939923804,"z":24.45316283603444},"min":{"x":348.1914093064349,"y":362.8273130776222,"z":4.981984871782128}},"children":[{"tileInfo":{"boundingBox":{"max":{"x":440.2296997737230,"y":653.3671939923804,"z":24.45316283603444},"min":{"x":348.1914093064349,"y":362.8273130776222,"z":4.981984871782128}},"children":[{"tileInfo":{"boundingBox":{"max":{"x":440.2296997737230,"y":653.3671939923804,"z":24.45316283603444},"min":{"x":348.1914093064349,"y":362.8273130776222,"z":4.981984871782128}},"lodNum":3,"modelPath":"Tile_-14625_42669_0000_0000_0001.s3mb","rangeMode":"pixelSizeOnScreen","rangeValue":8.0}}],"lodNum":2,"modelPath":"Tile_-14625_42669_0000_0001_0001.s3mb","rangeMode":"pixelSizeOnScreen","rangeValue":4.0}}],"lodNum":1,"modelPath":"Tile_-14625_42669_0000_0002_0001.s3mb","rangeMode":"pixelSizeOnScreen","rangeValue":2.0}}],"lodNum":0,"modelPath":"Tile_-14625_42669_0000.s3mb","rangeMode":"pixelSizeOnScreen","rangeValue":1.0}}}
