{"lodTreeExport":{"name":"Tile_-14627_42666_0000","status":{"lodCount":4,"tilesCount":4},"tileInfo":{"boundingBox":{"max":{"x":-268.4630305083895,"y":1044.843957165710,"z":51.55893334030586},"min":{"x":-460.4925115258608,"y":911.5908080021575,"z":4.916225910101852}},"children":[{"tileInfo":{"boundingBox":{"max":{"x":-268.4630305083895,"y":1044.843957165710,"z":51.55893334030586},"min":{"x":-460.4925115258608,"y":911.5908080021575,"z":4.916225910101852}},"children":[{"tileInfo":{"boundingBox":{"max":{"x":-268.4630305083895,"y":1044.843957165710,"z":51.55893334030586},"min":{"x":-460.4925115258608,"y":911.5908080021575,"z":4.916225910101852}},"children":[{"tileInfo":{"boundingBox":{"max":{"x":-268.4630305083895,"y":1044.843957165710,"z":51.55893334030586},"min":{"x":-460.4925115258608,"y":911.5908080021575,"z":4.916225910101852}},"lodNum":3,"modelPath":"Tile_-14627_42666_0000_0000_0000.s3mb","rangeMode":"pixelSizeOnScreen","rangeValue":8.0}}],"lodNum":2,"modelPath":"Tile_-14627_42666_0000_0001_0000.s3mb","rangeMode":"pixelSizeOnScreen","rangeValue":4.0}}],"lodNum":1,"modelPath":"Tile_-14627_42666_0000_0002_0000.s3mb","rangeMode":"pixelSizeOnScreen","rangeValue":2.0}}],"lodNum":0,"modelPath":"Tile_-14627_42666_0000.s3mb","rangeMode":"pixelSizeOnScreen","rangeValue":1.0}}}
