{"lodTreeExport":{"name":"Tile_-40949_119478_0000","tileInfo":{"lodNum":0,"modelPath":"Tile_-40949_119478_0000.s3mb","rangeMode":"pixelSizeOnScreen","rangeValue":1.0,"boundingBox":{"min":{"x":-104.86133575439453,"y":-108.87207794189453,"z":5.0},"max":{"x":104.861328125,"y":108.87352752685547,"z":235.62957763671876}},"children":[{"tileInfo":{"lodNum":1,"modelPath":"Tile_-40949_119478_0000_0004_0000.s3mb","rangeMode":"pixelSizeOnScreen","rangeValue":2.0,"boundingBox":{"min":{"x":-104.86133575439453,"y":-108.87207794189453,"z":5.0},"max":{"x":104.861328125,"y":108.87352752685547,"z":235.62957763671876}},"children":[{"tileInfo":{"lodNum":2,"modelPath":"Tile_-40949_119478_0000_0003_0000.s3mb","rangeMode":"pixelSizeOnScreen","rangeValue":4.0,"boundingBox":{"min":{"x":-104.86133575439453,"y":-108.87207794189453,"z":5.0},"max":{"x":104.861328125,"y":108.87352752685547,"z":235.62957763671876}},"children":[{"tileInfo":{"lodNum":3,"modelPath":"Tile_-40949_119478_0000_0002_0000.s3mb","rangeMode":"pixelSizeOnScreen","rangeValue":8.0,"boundingBox":{"min":{"x":-104.86133575439453,"y":-108.87207794189453,"z":5.0},"max":{"x":104.861328125,"y":108.87352752685547,"z":235.62957763671876}},"children":[{"tileInfo":{"lodNum":4,"modelPath":"Tile_-40949_119478_0000_0001_0000.s3mb","rangeMode":"pixelSizeOnScreen","rangeValue":16.0,"boundingBox":{"min":{"x":-104.86133575439453,"y":-108.87207794189453,"z":5.0},"max":{"x":104.861328125,"y":108.87352752685547,"z":235.62957763671876}},"children":[{"tileInfo":{"lodNum":5,"modelPath":"Tile_-40949_119478_0000_0000_0000.s3mb","rangeMode":"pixelSizeOnScreen","rangeValue":32.0,"boundingBox":{"min":{"x":-104.86133575439453,"y":-108.87207794189453,"z":5.0},"max":{"x":104.861328125,"y":108.87352752685547,"z":235.62957763671876}}}}]}}]}}]}}]}}]},"status":{"lodCount":5,"tilesCount":6}}}