{"lodTreeExport":{"name":"Tile_-40953_119476_0000","tileInfo":{"lodNum":0,"modelPath":"Tile_-40953_119476_0000.s3mb","rangeMode":"pixelSizeOnScreen","rangeValue":1.0,"boundingBox":{"min":{"x":-24.328628540039064,"y":-517.5745849609375,"z":2.99898362159729},"max":{"x":24.328628540039064,"y":517.5746459960938,"z":13.800036430358887}},"children":[{"tileInfo":{"lodNum":1,"modelPath":"Tile_-40953_119476_0000_0004_0000.s3mb","rangeMode":"pixelSizeOnScreen","rangeValue":2.0,"boundingBox":{"min":{"x":-24.328628540039064,"y":-517.5745849609375,"z":2.99898362159729},"max":{"x":24.328628540039064,"y":517.5746459960938,"z":13.800036430358887}},"children":[{"tileInfo":{"lodNum":2,"modelPath":"Tile_-40953_119476_0000_0003_0000.s3mb","rangeMode":"pixelSizeOnScreen","rangeValue":4.0,"boundingBox":{"min":{"x":-24.328628540039064,"y":-517.5745849609375,"z":2.99898362159729},"max":{"x":24.328628540039064,"y":517.5746459960938,"z":13.800036430358887}},"children":[{"tileInfo":{"lodNum":3,"modelPath":"Tile_-40953_119476_0000_0002_0000.s3mb","rangeMode":"pixelSizeOnScreen","rangeValue":8.0,"boundingBox":{"min":{"x":-24.328628540039064,"y":-517.5745849609375,"z":2.99898362159729},"max":{"x":24.328628540039064,"y":517.5746459960938,"z":13.800036430358887}},"children":[{"tileInfo":{"lodNum":4,"modelPath":"Tile_-40953_119476_0000_0001_0000.s3mb","rangeMode":"pixelSizeOnScreen","rangeValue":16.0,"boundingBox":{"min":{"x":-24.328628540039064,"y":-517.5745849609375,"z":2.99898362159729},"max":{"x":24.328628540039064,"y":517.5746459960938,"z":13.800036430358887}},"children":[{"tileInfo":{"lodNum":5,"modelPath":"Tile_-40953_119476_0000_0000_0000.s3mb","rangeMode":"pixelSizeOnScreen","rangeValue":32.0,"boundingBox":{"min":{"x":-24.328628540039064,"y":-517.5745849609375,"z":2.99898362159729},"max":{"x":24.328628540039064,"y":517.5746459960938,"z":13.800036430358887}}}}]}}]}}]}}]}}]},"status":{"lodCount":5,"tilesCount":6}}}