{"lodTreeExport":{"name":"Tile_-14627_42672_0000","status":{"lodCount":4,"tilesCount":4},"tileInfo":{"boundingBox":{"max":{"x":1138.682943550280,"y":960.7959743230771,"z":57.82673556965649},"min":{"x":945.5558345682459,"y":930.8486315719665,"z":4.862729935100432}},"children":[{"tileInfo":{"boundingBox":{"max":{"x":1138.682943550280,"y":960.7959743230771,"z":57.82673556965649},"min":{"x":945.5558345682459,"y":930.8486315719665,"z":4.862729935100432}},"children":[{"tileInfo":{"boundingBox":{"max":{"x":1138.682943550280,"y":960.7959743230771,"z":57.82673556965649},"min":{"x":945.5558345682459,"y":930.8486315719665,"z":4.862729935100432}},"children":[{"tileInfo":{"boundingBox":{"max":{"x":1138.682943550280,"y":960.7959743230771,"z":57.82673556965649},"min":{"x":945.5558345682459,"y":930.8486315719665,"z":4.862729935100432}},"lodNum":3,"modelPath":"Tile_-14627_42672_0000_0000_0000.s3mb","rangeMode":"pixelSizeOnScreen","rangeValue":8.0}}],"lodNum":2,"modelPath":"Tile_-14627_42672_0000_0001_0000.s3mb","rangeMode":"pixelSizeOnScreen","rangeValue":4.0}}],"lodNum":1,"modelPath":"Tile_-14627_42672_0000_0002_0000.s3mb","rangeMode":"pixelSizeOnScreen","rangeValue":2.0}}],"lodNum":0,"modelPath":"Tile_-14627_42672_0000.s3mb","rangeMode":"pixelSizeOnScreen","rangeValue":1.0}}}
