{"lodTreeExport":{"name":"Tile_-40949_119483_0000","tileInfo":{"lodNum":0,"modelPath":"Tile_-40949_119483_0000.s3mb","rangeMode":"pixelSizeOnScreen","rangeValue":1.0,"boundingBox":{"min":{"x":-72.54249572753906,"y":-34.67094802856445,"z":4.999992370605469},"max":{"x":72.54249572753906,"y":34.671634674072269,"z":26.000011444091798}},"children":[{"tileInfo":{"lodNum":1,"modelPath":"Tile_-40949_119483_0000_0004_0000.s3mb","rangeMode":"pixelSizeOnScreen","rangeValue":2.0,"boundingBox":{"min":{"x":-72.54249572753906,"y":-34.67094802856445,"z":4.999992370605469},"max":{"x":72.54249572753906,"y":34.671634674072269,"z":26.000011444091798}},"children":[{"tileInfo":{"lodNum":2,"modelPath":"Tile_-40949_119483_0000_0003_0000.s3mb","rangeMode":"pixelSizeOnScreen","rangeValue":4.0,"boundingBox":{"min":{"x":-72.54249572753906,"y":-34.67094802856445,"z":4.999992370605469},"max":{"x":72.54249572753906,"y":34.671634674072269,"z":26.000011444091798}},"children":[{"tileInfo":{"lodNum":3,"modelPath":"Tile_-40949_119483_0000_0002_0000.s3mb","rangeMode":"pixelSizeOnScreen","rangeValue":8.0,"boundingBox":{"min":{"x":-72.54249572753906,"y":-34.67094802856445,"z":4.999992370605469},"max":{"x":72.54249572753906,"y":34.671634674072269,"z":26.000011444091798}},"children":[{"tileInfo":{"lodNum":4,"modelPath":"Tile_-40949_119483_0000_0001_0000.s3mb","rangeMode":"pixelSizeOnScreen","rangeValue":16.0,"boundingBox":{"min":{"x":-72.54249572753906,"y":-34.67094802856445,"z":4.999992370605469},"max":{"x":72.54249572753906,"y":34.671634674072269,"z":26.000011444091798}},"children":[{"tileInfo":{"lodNum":5,"modelPath":"Tile_-40949_119483_0000_0000_0000.s3mb","rangeMode":"pixelSizeOnScreen","rangeValue":32.0,"boundingBox":{"min":{"x":-72.54249572753906,"y":-34.67094802856445,"z":4.999992370605469},"max":{"x":72.54249572753906,"y":34.671634674072269,"z":26.000011444091798}}}}]}}]}}]}}]}}]},"status":{"lodCount":5,"tilesCount":6}}}