{"lodTreeExport":{"name":"Tile_-14624_42663_0000","status":{"lodCount":4,"tilesCount":12},"tileInfo":{"boundingBox":{"max":{"x":-930.5562891839387,"y":300.9111747452713,"z":125.2559122885236},"min":{"x":-1159.738356757410,"y":106.7928150074448,"z":4.891436580891474}},"children":[{"tileInfo":{"boundingBox":{"max":{"x":-991.8886159933855,"y":300.9111747452713,"z":66.17473439793814},"min":{"x":-1159.738356757410,"y":109.9592447167960,"z":4.891436580891474}},"children":[{"tileInfo":{"boundingBox":{"max":{"x":-1069.651451370597,"y":227.3969131638143,"z":66.17473439793814},"min":{"x":-1159.738356757410,"y":109.9592447167960,"z":4.894051464141638}},"children":[{"tileInfo":{"boundingBox":{"max":{"x":-1069.651451370597,"y":227.3969131638143,"z":66.17473439793814},"min":{"x":-1159.738356757410,"y":109.9592447167960,"z":4.894051464141638}},"lodNum":3,"modelPath":"Tile_-14624_42663_0000_0000_0000.s3mb","rangeMode":"pixelSizeOnScreen","rangeValue":8.0}}],"lodNum":2,"modelPath":"Tile_-14624_42663_0000_0001_0000.s3mb","rangeMode":"pixelSizeOnScreen","rangeValue":4.0}},{"tileInfo":{"boundingBox":{"max":{"x":-991.8886159933855,"y":300.9111747452713,"z":33.81096522568388},"min":{"x":-1155.157651209952,"y":240.8455943012562,"z":4.891436580891474}},"children":[{"tileInfo":{"boundingBox":{"max":{"x":-991.8886159933855,"y":300.9111747452713,"z":33.81096522568388},"min":{"x":-1155.157651209952,"y":240.8455943012562,"z":4.891436580891474}},"lodNum":3,"modelPath":"Tile_-14624_42663_0000_0000_0001.s3mb","rangeMode":"pixelSizeOnScreen","rangeValue":8.0}}],"lodNum":2,"modelPath":"Tile_-14624_42663_0000_0001_0001.s3mb","rangeMode":"pixelSizeOnScreen","rangeValue":4.0}}],"lodNum":1,"modelPath":"Tile_-14624_42663_0000_0002_0000.s3mb","rangeMode":"pixelSizeOnScreen","rangeValue":2.0}},{"tileInfo":{"boundingBox":{"max":{"x":-930.5562891839387,"y":223.3225500030236,"z":125.2533126967240},"min":{"x":-1086.723364883253,"y":200.1891288899216,"z":4.904775263417247}},"children":[{"tileInfo":{"boundingBox":{"max":{"x":-930.5562891839387,"y":223.3225500030236,"z":125.2533126967240},"min":{"x":-1086.723364883253,"y":200.1891288899216,"z":4.904775263417247}},"children":[{"tileInfo":{"boundingBox":{"max":{"x":-930.5562891839387,"y":223.3225500030236,"z":125.2533126967240},"min":{"x":-1086.723364883253,"y":200.1891288899216,"z":4.904775263417247}},"lodNum":3,"modelPath":"Tile_-14624_42663_0000_0000_0002.s3mb","rangeMode":"pixelSizeOnScreen","rangeValue":8.0}}],"lodNum":2,"modelPath":"Tile_-14624_42663_0000_0001_0002.s3mb","rangeMode":"pixelSizeOnScreen","rangeValue":4.0}}],"lodNum":1,"modelPath":"Tile_-14624_42663_0000_0002_0001.s3mb","rangeMode":"pixelSizeOnScreen","rangeValue":2.0}},{"tileInfo":{"boundingBox":{"max":{"x":-930.5616784852060,"y":129.2010788496582,"z":125.2559122885236},"min":{"x":-1086.728658313098,"y":106.7928150074448,"z":4.907021311093891}},"children":[{"tileInfo":{"boundingBox":{"max":{"x":-930.5616784852060,"y":129.2010788496582,"z":125.2559122885236},"min":{"x":-1086.728658313098,"y":106.7928150074448,"z":4.907021311093891}},"children":[{"tileInfo":{"boundingBox":{"max":{"x":-930.5616784852060,"y":129.2010788496582,"z":125.2559122885236},"min":{"x":-1086.728658313098,"y":106.7928150074448,"z":4.907021311093891}},"lodNum":3,"modelPath":"Tile_-14624_42663_0000_0000_0003.s3mb","rangeMode":"pixelSizeOnScreen","rangeValue":8.0}}],"lodNum":2,"modelPath":"Tile_-14624_42663_0000_0001_0003.s3mb","rangeMode":"pixelSizeOnScreen","rangeValue":4.0}}],"lodNum":1,"modelPath":"Tile_-14624_42663_0000_0002_0002.s3mb","rangeMode":"pixelSizeOnScreen","rangeValue":2.0}}],"lodNum":0,"modelPath":"Tile_-14624_42663_0000.s3mb","rangeMode":"pixelSizeOnScreen","rangeValue":1.0}}}
