{"lodTreeExport":{"name":"Tile_-14625_42672_0000","status":{"lodCount":4,"tilesCount":16},"tileInfo":{"boundingBox":{"max":{"x":1163.708922746057,"y":667.9895919492667,"z":75.71907944801187},"min":{"x":891.0468881056622,"y":253.3898887234993,"z":4.893589321315583}},"children":[{"tileInfo":{"boundingBox":{"max":{"x":1071.930916956083,"y":436.8789875589094,"z":57.45717851155918},"min":{"x":891.0468881056622,"y":255.1860932477667,"z":4.913378441772157}},"children":[{"tileInfo":{"boundingBox":{"max":{"x":1034.414364112484,"y":326.0427983046628,"z":29.90828685112957},"min":{"x":891.0468881056622,"y":255.1860932477667,"z":4.933143766408241}},"children":[{"tileInfo":{"boundingBox":{"max":{"x":1034.414364112484,"y":326.0427983046628,"z":29.90828685112957},"min":{"x":891.0468881056622,"y":255.1860932477667,"z":4.933143766408241}},"lodNum":3,"modelPath":"Tile_-14625_42672_0000_0000_0000.s3mb","rangeMode":"pixelSizeOnScreen","rangeValue":8.0}}],"lodNum":2,"modelPath":"Tile_-14625_42672_0000_0001_0000.s3mb","rangeMode":"pixelSizeOnScreen","rangeValue":4.0}},{"tileInfo":{"boundingBox":{"max":{"x":1071.930916956083,"y":436.8789875589094,"z":57.45717851155918},"min":{"x":998.5346808633924,"y":334.4639886664792,"z":4.913378441772157}},"children":[{"tileInfo":{"boundingBox":{"max":{"x":1071.930916956083,"y":436.8789875589094,"z":57.45717851155918},"min":{"x":998.5346808633924,"y":334.4639886664792,"z":4.913378441772157}},"lodNum":3,"modelPath":"Tile_-14625_42672_0000_0000_0001.s3mb","rangeMode":"pixelSizeOnScreen","rangeValue":8.0}}],"lodNum":2,"modelPath":"Tile_-14625_42672_0000_0001_0001.s3mb","rangeMode":"pixelSizeOnScreen","rangeValue":4.0}}],"lodNum":1,"modelPath":"Tile_-14625_42672_0000_0002_0000.s3mb","rangeMode":"pixelSizeOnScreen","rangeValue":2.0}},{"tileInfo":{"boundingBox":{"max":{"x":1163.708922746057,"y":667.9895919492667,"z":23.06020515106204},"min":{"x":967.8463796432936,"y":471.9329735544760,"z":4.893589321315583}},"children":[{"tileInfo":{"boundingBox":{"max":{"x":1163.708922746057,"y":667.9895919492667,"z":23.06020515106204},"min":{"x":967.8463796432936,"y":471.9329735544760,"z":4.893589321315583}},"children":[{"tileInfo":{"boundingBox":{"max":{"x":1163.708922746057,"y":667.9895919492667,"z":23.06020515106204},"min":{"x":967.8463796432936,"y":471.9329735544760,"z":4.893589321315583}},"lodNum":3,"modelPath":"Tile_-14625_42672_0000_0000_0002.s3mb","rangeMode":"pixelSizeOnScreen","rangeValue":8.0}}],"lodNum":2,"modelPath":"Tile_-14625_42672_0000_0001_0002.s3mb","rangeMode":"pixelSizeOnScreen","rangeValue":4.0}}],"lodNum":1,"modelPath":"Tile_-14625_42672_0000_0002_0001.s3mb","rangeMode":"pixelSizeOnScreen","rangeValue":2.0}},{"tileInfo":{"boundingBox":{"max":{"x":1160.216228155584,"y":454.3601359105084,"z":75.71907944801187},"min":{"x":1034.349648221140,"y":253.3898887234993,"z":4.895055894404397}},"children":[{"tileInfo":{"boundingBox":{"max":{"x":1158.980916147891,"y":426.2131956792729,"z":23.08105132534094},"min":{"x":1034.349648221140,"y":302.9200890830161,"z":4.909526746423998}},"children":[{"tileInfo":{"boundingBox":{"max":{"x":1158.980916147891,"y":426.2131956792729,"z":23.08105132534094},"min":{"x":1034.349648221140,"y":302.9200890830161,"z":4.909526746423998}},"lodNum":3,"modelPath":"Tile_-14625_42672_0000_0000_0003.s3mb","rangeMode":"pixelSizeOnScreen","rangeValue":8.0}}],"lodNum":2,"modelPath":"Tile_-14625_42672_0000_0001_0003.s3mb","rangeMode":"pixelSizeOnScreen","rangeValue":4.0}},{"tileInfo":{"boundingBox":{"max":{"x":1158.708850825630,"y":320.2091058004248,"z":75.71907944801187},"min":{"x":1042.811460172809,"y":253.3898887234993,"z":4.910049662226739}},"children":[{"tileInfo":{"boundingBox":{"max":{"x":1158.708850825630,"y":320.2091058004248,"z":75.71907944801187},"min":{"x":1042.811460172809,"y":253.3898887234993,"z":4.910049662226739}},"lodNum":3,"modelPath":"Tile_-14625_42672_0000_0000_0004.s3mb","rangeMode":"pixelSizeOnScreen","rangeValue":8.0}}],"lodNum":2,"modelPath":"Tile_-14625_42672_0000_0001_0004.s3mb","rangeMode":"pixelSizeOnScreen","rangeValue":4.0}},{"tileInfo":{"boundingBox":{"max":{"x":1160.216228155584,"y":454.3601359105084,"z":57.44041066795207},"min":{"x":1097.016931870044,"y":371.4400301286398,"z":4.895055894404397}},"children":[{"tileInfo":{"boundingBox":{"max":{"x":1160.216228155584,"y":454.3601359105084,"z":57.44041066795207},"min":{"x":1097.016931870044,"y":371.4400301286398,"z":4.895055894404397}},"lodNum":3,"modelPath":"Tile_-14625_42672_0000_0000_0005.s3mb","rangeMode":"pixelSizeOnScreen","rangeValue":8.0}}],"lodNum":2,"modelPath":"Tile_-14625_42672_0000_0001_0005.s3mb","rangeMode":"pixelSizeOnScreen","rangeValue":4.0}}],"lodNum":1,"modelPath":"Tile_-14625_42672_0000_0002_0002.s3mb","rangeMode":"pixelSizeOnScreen","rangeValue":2.0}}],"lodNum":0,"modelPath":"Tile_-14625_42672_0000.s3mb","rangeMode":"pixelSizeOnScreen","rangeValue":1.0}}}
