{"lodTreeExport":{"name":"Tile_-14627_42668_0000","status":{"lodCount":4,"tilesCount":4},"tileInfo":{"boundingBox":{"max":{"x":343.6631390233837,"y":1031.601412057792,"z":57.91345144582602},"min":{"x":-20.69834618766237,"y":858.3456298944642,"z":4.928390715715853}},"children":[{"tileInfo":{"boundingBox":{"max":{"x":343.6631390233837,"y":1031.601412057792,"z":57.91345144582602},"min":{"x":-20.69834618766237,"y":858.3456298944642,"z":4.928390715715853}},"children":[{"tileInfo":{"boundingBox":{"max":{"x":343.6631390233837,"y":1031.601412057792,"z":57.91345144582602},"min":{"x":-20.69834618766237,"y":858.3456298944642,"z":4.928390715715853}},"children":[{"tileInfo":{"boundingBox":{"max":{"x":343.6631390233837,"y":1031.601412057792,"z":57.91345144582602},"min":{"x":-20.69834618766237,"y":858.3456298944642,"z":4.928390715715853}},"lodNum":3,"modelPath":"Tile_-14627_42668_0000_0000_0000.s3mb","rangeMode":"pixelSizeOnScreen","rangeValue":8.0}}],"lodNum":2,"modelPath":"Tile_-14627_42668_0000_0001_0000.s3mb","rangeMode":"pixelSizeOnScreen","rangeValue":4.0}}],"lodNum":1,"modelPath":"Tile_-14627_42668_0000_0002_0000.s3mb","rangeMode":"pixelSizeOnScreen","rangeValue":2.0}}],"lodNum":0,"modelPath":"Tile_-14627_42668_0000.s3mb","rangeMode":"pixelSizeOnScreen","rangeValue":1.0}}}
