{"lodTreeExport":{"name":"Tile_-14621_42665_0000","status":{"lodCount":5,"tilesCount":9},"tileInfo":{"boundingBox":{"max":{"x":-360.1484155916111,"y":-652.8911377519663,"z":160.3575454492878},"min":{"x":-683.9367021255057,"y":-997.0163571702358,"z":4.900245193157872}},"children":[{"tileInfo":{"boundingBox":{"max":{"x":-581.6416416608499,"y":-652.8911377519663,"z":160.3575454492878},"min":{"x":-683.9367021255057,"y":-759.4650648666703,"z":4.918542158967965}},"children":[{"tileInfo":{"boundingBox":{"max":{"x":-581.6416416608499,"y":-652.8911377519663,"z":160.3575454492878},"min":{"x":-683.9367021255057,"y":-759.4650648666703,"z":4.918542158967965}},"children":[{"tileInfo":{"boundingBox":{"max":{"x":-581.6416416608499,"y":-652.8911377519663,"z":160.3575454492878},"min":{"x":-683.9367021255057,"y":-759.4650648666703,"z":4.918542158967965}},"children":[{"tileInfo":{"boundingBox":{"max":{"x":-581.6416416608499,"y":-652.8911377519663,"z":160.3575454492878},"min":{"x":-683.9367021255057,"y":-759.4650648666703,"z":4.918542158967965}},"lodNum":4,"modelPath":"Tile_-14621_42665_0000_0000_0000.s3mb","rangeMode":"pixelSizeOnScreen","rangeValue":16.0}}],"lodNum":3,"modelPath":"Tile_-14621_42665_0000_0001_0000.s3mb","rangeMode":"pixelSizeOnScreen","rangeValue":8.0}}],"lodNum":2,"modelPath":"Tile_-14621_42665_0000_0002_0000.s3mb","rangeMode":"pixelSizeOnScreen","rangeValue":4.0}}],"lodNum":1,"modelPath":"Tile_-14621_42665_0000_0003_0000.s3mb","rangeMode":"pixelSizeOnScreen","rangeValue":2.0}},{"tileInfo":{"boundingBox":{"max":{"x":-360.1484155916111,"y":-798.9371762723690,"z":15.84125104500844},"min":{"x":-544.7117528035083,"y":-997.0163571702358,"z":4.900245193157872}},"children":[{"tileInfo":{"boundingBox":{"max":{"x":-360.1484155916111,"y":-798.9371762723690,"z":15.84125104500844},"min":{"x":-544.7117528035083,"y":-997.0163571702358,"z":4.900245193157872}},"children":[{"tileInfo":{"boundingBox":{"max":{"x":-360.1484155916111,"y":-798.9371762723690,"z":15.84125104500844},"min":{"x":-544.7117528035083,"y":-997.0163571702358,"z":4.900245193157872}},"children":[{"tileInfo":{"boundingBox":{"max":{"x":-360.1484155916111,"y":-798.9371762723690,"z":15.84125104500844},"min":{"x":-544.7117528035083,"y":-997.0163571702358,"z":4.900245193157872}},"lodNum":4,"modelPath":"Tile_-14621_42665_0000_0000_0001.s3mb","rangeMode":"pixelSizeOnScreen","rangeValue":16.0}}],"lodNum":3,"modelPath":"Tile_-14621_42665_0000_0001_0001.s3mb","rangeMode":"pixelSizeOnScreen","rangeValue":8.0}}],"lodNum":2,"modelPath":"Tile_-14621_42665_0000_0002_0001.s3mb","rangeMode":"pixelSizeOnScreen","rangeValue":4.0}}],"lodNum":1,"modelPath":"Tile_-14621_42665_0000_0003_0001.s3mb","rangeMode":"pixelSizeOnScreen","rangeValue":2.0}}],"lodNum":0,"modelPath":"Tile_-14621_42665_0000.s3mb","rangeMode":"pixelSizeOnScreen","rangeValue":1.0}}}
