{"lodTreeExport":{"name":"Tile_-14621_42665_0000","status":{"lodCount":4,"tilesCount":7},"tileInfo":{"boundingBox":{"max":{"x":-360.1484155920767,"y":-652.8911377519663,"z":160.3575454492878},"min":{"x":-683.9367021255057,"y":-997.0163571701194,"z":4.900245192226554}},"children":[{"tileInfo":{"boundingBox":{"max":{"x":-581.6416416608499,"y":-652.8911377519663,"z":160.3575454492878},"min":{"x":-683.9367021255057,"y":-759.4650648666703,"z":4.918542158967965}},"children":[{"tileInfo":{"boundingBox":{"max":{"x":-581.6416416608499,"y":-652.8911377519663,"z":160.3575454492878},"min":{"x":-683.9367021255057,"y":-759.4650648666703,"z":4.918542158967965}},"children":[{"tileInfo":{"boundingBox":{"max":{"x":-581.6416416608499,"y":-652.8911377519663,"z":160.3575454492878},"min":{"x":-683.9367021255057,"y":-759.4650648666703,"z":4.918542158967965}},"lodNum":3,"modelPath":"Tile_-14621_42665_0000_0000_0000.s3mb","rangeMode":"pixelSizeOnScreen","rangeValue":8.0}}],"lodNum":2,"modelPath":"Tile_-14621_42665_0000_0001_0000.s3mb","rangeMode":"pixelSizeOnScreen","rangeValue":4.0}}],"lodNum":1,"modelPath":"Tile_-14621_42665_0000_0002_0000.s3mb","rangeMode":"pixelSizeOnScreen","rangeValue":2.0}},{"tileInfo":{"boundingBox":{"max":{"x":-360.1484155920767,"y":-798.9371762722526,"z":15.84125104407711},"min":{"x":-544.7117528039739,"y":-997.0163571701194,"z":4.900245192226554}},"children":[{"tileInfo":{"boundingBox":{"max":{"x":-360.1484155920767,"y":-798.9371762722526,"z":15.84125104407711},"min":{"x":-544.7117528039739,"y":-997.0163571701194,"z":4.900245192226554}},"children":[{"tileInfo":{"boundingBox":{"max":{"x":-360.1484155920767,"y":-798.9371762722526,"z":15.84125104407711},"min":{"x":-544.7117528039739,"y":-997.0163571701194,"z":4.900245192226554}},"lodNum":3,"modelPath":"Tile_-14621_42665_0000_0000_0001.s3mb","rangeMode":"pixelSizeOnScreen","rangeValue":8.0}}],"lodNum":2,"modelPath":"Tile_-14621_42665_0000_0001_0001.s3mb","rangeMode":"pixelSizeOnScreen","rangeValue":4.0}}],"lodNum":1,"modelPath":"Tile_-14621_42665_0000_0002_0001.s3mb","rangeMode":"pixelSizeOnScreen","rangeValue":2.0}}],"lodNum":0,"modelPath":"Tile_-14621_42665_0000.s3mb","rangeMode":"pixelSizeOnScreen","rangeValue":1.0}}}
