{"lodTreeExport":{"name":"Tile_-40956_119476_0000","tileInfo":{"lodNum":0,"modelPath":"Tile_-40956_119476_0000.s3mb","rangeMode":"pixelSizeOnScreen","rangeValue":1.0,"boundingBox":{"min":{"x":-12.533027648925782,"y":-251.29425048828126,"z":4.006720066070557},"max":{"x":12.533027648925782,"y":251.29428100585938,"z":28.54900360107422}},"children":[{"tileInfo":{"lodNum":1,"modelPath":"Tile_-40956_119476_0000_0004_0000.s3mb","rangeMode":"pixelSizeOnScreen","rangeValue":2.0,"boundingBox":{"min":{"x":-12.533027648925782,"y":-251.29425048828126,"z":4.006720066070557},"max":{"x":12.533027648925782,"y":251.29428100585938,"z":28.54900360107422}},"children":[{"tileInfo":{"lodNum":2,"modelPath":"Tile_-40956_119476_0000_0003_0000.s3mb","rangeMode":"pixelSizeOnScreen","rangeValue":4.0,"boundingBox":{"min":{"x":-12.533027648925782,"y":-251.29425048828126,"z":4.006720066070557},"max":{"x":12.533027648925782,"y":251.29428100585938,"z":28.54900360107422}},"children":[{"tileInfo":{"lodNum":3,"modelPath":"Tile_-40956_119476_0000_0002_0000.s3mb","rangeMode":"pixelSizeOnScreen","rangeValue":8.0,"boundingBox":{"min":{"x":-12.533027648925782,"y":-251.29425048828126,"z":4.006720066070557},"max":{"x":12.533027648925782,"y":251.29428100585938,"z":28.54900360107422}},"children":[{"tileInfo":{"lodNum":4,"modelPath":"Tile_-40956_119476_0000_0001_0000.s3mb","rangeMode":"pixelSizeOnScreen","rangeValue":16.0,"boundingBox":{"min":{"x":-12.533027648925782,"y":-251.29425048828126,"z":4.006720066070557},"max":{"x":12.533027648925782,"y":251.29428100585938,"z":28.54900360107422}},"children":[{"tileInfo":{"lodNum":5,"modelPath":"Tile_-40956_119476_0000_0000_0000.s3mb","rangeMode":"pixelSizeOnScreen","rangeValue":32.0,"boundingBox":{"min":{"x":-12.533027648925782,"y":-251.29425048828126,"z":4.006720066070557},"max":{"x":12.533027648925782,"y":251.29428100585938,"z":28.54900360107422}}}}]}}]}}]}}]}}]},"status":{"lodCount":5,"tilesCount":6}}}