{"lodTreeExport":{"name":"Tile_-14622_42663_0000","status":{"lodCount":4,"tilesCount":4},"tileInfo":{"boundingBox":{"max":{"x":-891.7351156009620,"y":-474.4446510514510,"z":48.69502298787823},"min":{"x":-1163.219909045253,"y":-535.6000828139599,"z":4.871879310648076}},"children":[{"tileInfo":{"boundingBox":{"max":{"x":-891.7351156009620,"y":-474.4446510514510,"z":48.69502298787823},"min":{"x":-1163.219909045253,"y":-535.6000828139599,"z":4.871879310648076}},"children":[{"tileInfo":{"boundingBox":{"max":{"x":-891.7351156009620,"y":-474.4446510514510,"z":48.69502298787823},"min":{"x":-1163.219909045253,"y":-535.6000828139599,"z":4.871879310648076}},"children":[{"tileInfo":{"boundingBox":{"max":{"x":-891.7351156009620,"y":-474.4446510514510,"z":48.69502298787823},"min":{"x":-1163.219909045253,"y":-535.6000828139599,"z":4.871879310648076}},"lodNum":3,"modelPath":"Tile_-14622_42663_0000_0000_0000.s3mb","rangeMode":"pixelSizeOnScreen","rangeValue":8.0}}],"lodNum":2,"modelPath":"Tile_-14622_42663_0000_0001_0000.s3mb","rangeMode":"pixelSizeOnScreen","rangeValue":4.0}}],"lodNum":1,"modelPath":"Tile_-14622_42663_0000_0002_0000.s3mb","rangeMode":"pixelSizeOnScreen","rangeValue":2.0}}],"lodNum":0,"modelPath":"Tile_-14622_42663_0000.s3mb","rangeMode":"pixelSizeOnScreen","rangeValue":1.0}}}
