{"lodTreeExport":{"name":"Tile_-166159_525382_0000","status":{"lodCount":5,"tilesCount":5},"tileInfo":{"boundingBox":{"max":{"x":-33.32288241250835,"y":-28.50282297819591,"z":4.903948265043510},"min":{"x":-34.08108814283929,"y":-28.82574289942609,"z":4.411943181278208}},"children":[{"tileInfo":{"boundingBox":{"max":{"x":1.090132713317871,"y":0.02649999968707562,"z":0.03350000083446503},"min":{"x":-1.153587222099304,"y":-0.02649999968707562,"z":-1.326089201826326e-014}},"children":[{"tileInfo":{"boundingBox":{"max":{"x":-33.16290847873427,"y":-28.06034931967418,"z":4.934358489396234},"min":{"x":-33.92111405771946,"y":-28.38326917109673,"z":4.412353714079450}},"children":[{"tileInfo":{"boundingBox":{"max":{"x":-27.05395607354305,"y":-11.07337386573277,"z":6.058585425016718},"min":{"x":-33.92111405771946,"y":-28.38326917109673,"z":4.412353714079450}},"children":[{"tileInfo":{"boundingBox":{"max":{"x":-27.05395607354305,"y":-11.07337386573277,"z":6.058585425016718},"min":{"x":-34.08108814283929,"y":-28.82574289942609,"z":4.411943181278208}},"lodNum":4,"modelPath":"Tile_-166159_525382_0000_0000_0000.s3mb","rangeMode":"pixelSizeOnScreen","rangeValue":16.0}}],"lodNum":3,"modelPath":"Tile_-166159_525382_0000_0001_0000.s3mb","rangeMode":"pixelSizeOnScreen","rangeValue":8.0}}],"lodNum":2,"modelPath":"Tile_-166159_525382_0000_0002_0000.s3mb","rangeMode":"pixelSizeOnScreen","rangeValue":4.0}}],"lodNum":1,"modelPath":"Tile_-166159_525382_0000_0003_0000.s3mb","rangeMode":"pixelSizeOnScreen","rangeValue":2.0}}],"lodNum":0,"modelPath":"Tile_-166159_525382_0000.s3mb","rangeMode":"pixelSizeOnScreen","rangeValue":1.0}}}
