{"lodTreeExport":{"name":"Tile_-40953_119478_0000","tileInfo":{"lodNum":0,"modelPath":"Tile_-40953_119478_0000.s3mb","rangeMode":"pixelSizeOnScreen","rangeValue":1.0,"boundingBox":{"min":{"x":-2.3751630783081056,"y":-5.0081281661987309,"z":5.000001907348633},"max":{"x":2.3751633167266847,"y":5.008128643035889,"z":28.54900360107422}},"children":[{"tileInfo":{"lodNum":1,"modelPath":"Tile_-40953_119478_0000_0004_0000.s3mb","rangeMode":"pixelSizeOnScreen","rangeValue":2.0,"boundingBox":{"min":{"x":-2.3751630783081056,"y":-5.0081281661987309,"z":5.000001907348633},"max":{"x":2.3751633167266847,"y":5.008128643035889,"z":28.54900360107422}},"children":[{"tileInfo":{"lodNum":2,"modelPath":"Tile_-40953_119478_0000_0003_0000.s3mb","rangeMode":"pixelSizeOnScreen","rangeValue":4.0,"boundingBox":{"min":{"x":-2.3751630783081056,"y":-5.0081281661987309,"z":5.000001907348633},"max":{"x":2.3751633167266847,"y":5.008128643035889,"z":28.54900360107422}},"children":[{"tileInfo":{"lodNum":3,"modelPath":"Tile_-40953_119478_0000_0002_0000.s3mb","rangeMode":"pixelSizeOnScreen","rangeValue":8.0,"boundingBox":{"min":{"x":-2.3751630783081056,"y":-5.0081281661987309,"z":5.000001907348633},"max":{"x":2.3751633167266847,"y":5.008128643035889,"z":28.54900360107422}},"children":[{"tileInfo":{"lodNum":4,"modelPath":"Tile_-40953_119478_0000_0001_0000.s3mb","rangeMode":"pixelSizeOnScreen","rangeValue":16.0,"boundingBox":{"min":{"x":-2.3751630783081056,"y":-5.0081281661987309,"z":5.000001907348633},"max":{"x":2.3751633167266847,"y":5.008128643035889,"z":28.54900360107422}},"children":[{"tileInfo":{"lodNum":5,"modelPath":"Tile_-40953_119478_0000_0000_0000.s3mb","rangeMode":"pixelSizeOnScreen","rangeValue":32.0,"boundingBox":{"min":{"x":-2.3751630783081056,"y":-5.0081281661987309,"z":5.000001907348633},"max":{"x":2.3751633167266847,"y":5.008128643035889,"z":28.54900360107422}}}}]}}]}}]}}]}}]},"status":{"lodCount":5,"tilesCount":6}}}