{"lodTreeExport":{"name":"Tile_-14623_42671_0000","status":{"lodCount":4,"tilesCount":12},"tileInfo":{"boundingBox":{"max":{"x":990.1401077663784,"y":-35.38431431516607,"z":109.1233859344406},"min":{"x":732.0731212363539,"y":-337.8484217851116,"z":4.938023971195530}},"children":[{"tileInfo":{"boundingBox":{"max":{"x":805.3446373283060,"y":-35.38431431516607,"z":90.94972398261591},"min":{"x":732.0731212363539,"y":-199.7862488434873,"z":4.955508042204511}},"children":[{"tileInfo":{"boundingBox":{"max":{"x":805.3446373283060,"y":-35.38431431516607,"z":90.94972398261591},"min":{"x":732.0731212363539,"y":-199.7862488434873,"z":4.955508042204511}},"children":[{"tileInfo":{"boundingBox":{"max":{"x":805.3446373283060,"y":-35.38431431516607,"z":90.94972398261591},"min":{"x":732.0731212363539,"y":-199.7862488434873,"z":4.955508042204511}},"lodNum":3,"modelPath":"Tile_-14623_42671_0000_0000_0000.s3mb","rangeMode":"pixelSizeOnScreen","rangeValue":8.0}}],"lodNum":2,"modelPath":"Tile_-14623_42671_0000_0001_0000.s3mb","rangeMode":"pixelSizeOnScreen","rangeValue":4.0}}],"lodNum":1,"modelPath":"Tile_-14623_42671_0000_0002_0000.s3mb","rangeMode":"pixelSizeOnScreen","rangeValue":2.0}},{"tileInfo":{"boundingBox":{"max":{"x":990.1401077663784,"y":-37.96959520746685,"z":108.1403673090569},"min":{"x":835.9823381869118,"y":-124.9001204819647,"z":4.943769616319560}},"children":[{"tileInfo":{"boundingBox":{"max":{"x":868.7620973782049,"y":-82.10354592373109,"z":108.1403673090569},"min":{"x":835.9823381869118,"y":-124.9001204819647,"z":4.944047954645193}},"children":[{"tileInfo":{"boundingBox":{"max":{"x":868.7620973782049,"y":-82.10354592373109,"z":108.1403673090569},"min":{"x":835.9823381869118,"y":-124.9001204819647,"z":4.944047954645193}},"lodNum":3,"modelPath":"Tile_-14623_42671_0000_0000_0001.s3mb","rangeMode":"pixelSizeOnScreen","rangeValue":8.0}}],"lodNum":2,"modelPath":"Tile_-14623_42671_0000_0001_0001.s3mb","rangeMode":"pixelSizeOnScreen","rangeValue":4.0}},{"tileInfo":{"boundingBox":{"max":{"x":990.1401077663784,"y":-37.96959520746685,"z":57.92348684209460},"min":{"x":845.6178090715833,"y":-89.49119268519895,"z":4.943769616319560}},"children":[{"tileInfo":{"boundingBox":{"max":{"x":990.1401077663784,"y":-37.96959520746685,"z":57.92348684209460},"min":{"x":845.6178090715833,"y":-89.49119268519895,"z":4.943769616319560}},"lodNum":3,"modelPath":"Tile_-14623_42671_0000_0000_0002.s3mb","rangeMode":"pixelSizeOnScreen","rangeValue":8.0}}],"lodNum":2,"modelPath":"Tile_-14623_42671_0000_0001_0002.s3mb","rangeMode":"pixelSizeOnScreen","rangeValue":4.0}}],"lodNum":1,"modelPath":"Tile_-14623_42671_0000_0002_0001.s3mb","rangeMode":"pixelSizeOnScreen","rangeValue":2.0}},{"tileInfo":{"boundingBox":{"max":{"x":977.0192627765251,"y":-161.8782638371226,"z":109.1233859344406},"min":{"x":802.9016777592913,"y":-337.8484217851116,"z":4.938023971195530}},"children":[{"tileInfo":{"boundingBox":{"max":{"x":977.0192627765251,"y":-161.8782638371226,"z":109.1233859344406},"min":{"x":802.9016777592913,"y":-337.8484217851116,"z":4.938023971195530}},"children":[{"tileInfo":{"boundingBox":{"max":{"x":977.0192627765251,"y":-161.8782638371226,"z":109.1233859344406},"min":{"x":802.9016777592913,"y":-337.8484217851116,"z":4.938023971195530}},"lodNum":3,"modelPath":"Tile_-14623_42671_0000_0000_0003.s3mb","rangeMode":"pixelSizeOnScreen","rangeValue":8.0}}],"lodNum":2,"modelPath":"Tile_-14623_42671_0000_0001_0003.s3mb","rangeMode":"pixelSizeOnScreen","rangeValue":4.0}}],"lodNum":1,"modelPath":"Tile_-14623_42671_0000_0002_0002.s3mb","rangeMode":"pixelSizeOnScreen","rangeValue":2.0}}],"lodNum":0,"modelPath":"Tile_-14623_42671_0000.s3mb","rangeMode":"pixelSizeOnScreen","rangeValue":1.0}}}
