{"lodTreeExport":{"name":"Tile_-14625_42671_0000","status":{"lodCount":4,"tilesCount":13},"tileInfo":{"boundingBox":{"max":{"x":1029.506918610572,"y":711.4108020048893,"z":57.45159291698503},"min":{"x":631.2432451511716,"y":268.5512386802284,"z":4.927365341713689}},"children":[{"tileInfo":{"boundingBox":{"max":{"x":951.3412538745552,"y":711.4108020048893,"z":30.09291024980226},"min":{"x":631.2432451511716,"y":432.4284060341248,"z":4.957623030491987}},"children":[{"tileInfo":{"boundingBox":{"max":{"x":951.3412538745552,"y":711.4108020048893,"z":30.09291024980226},"min":{"x":631.2432451511716,"y":432.4284060341248,"z":4.957623030491987}},"children":[{"tileInfo":{"boundingBox":{"max":{"x":951.3412538745552,"y":711.4108020048893,"z":30.09291024980226},"min":{"x":631.2432451511716,"y":432.4284060341248,"z":4.957623030491987}},"lodNum":3,"modelPath":"Tile_-14625_42671_0000_0000_0000.s3mb","rangeMode":"pixelSizeOnScreen","rangeValue":8.0}}],"lodNum":2,"modelPath":"Tile_-14625_42671_0000_0001_0000.s3mb","rangeMode":"pixelSizeOnScreen","rangeValue":4.0}}],"lodNum":1,"modelPath":"Tile_-14625_42671_0000_0002_0000.s3mb","rangeMode":"pixelSizeOnScreen","rangeValue":2.0}},{"tileInfo":{"boundingBox":{"max":{"x":866.7010545731184,"y":422.6016049398911,"z":24.42804266275994},"min":{"x":712.8293214006783,"y":268.5512386802284,"z":4.955415834617869}},"children":[{"tileInfo":{"boundingBox":{"max":{"x":866.7010545731184,"y":422.6016049398911,"z":24.42804266275994},"min":{"x":712.8293214006783,"y":268.5512386802284,"z":4.955415834617869}},"children":[{"tileInfo":{"boundingBox":{"max":{"x":866.7010545731184,"y":422.6016049398911,"z":24.42804266275994},"min":{"x":712.8293214006783,"y":268.5512386802284,"z":4.955415834617869}},"lodNum":3,"modelPath":"Tile_-14625_42671_0000_0000_0001.s3mb","rangeMode":"pixelSizeOnScreen","rangeValue":8.0}}],"lodNum":2,"modelPath":"Tile_-14625_42671_0000_0001_0001.s3mb","rangeMode":"pixelSizeOnScreen","rangeValue":4.0}}],"lodNum":1,"modelPath":"Tile_-14625_42671_0000_0002_0001.s3mb","rangeMode":"pixelSizeOnScreen","rangeValue":2.0}},{"tileInfo":{"boundingBox":{"max":{"x":1029.506918610572,"y":599.9507989903068,"z":57.45159291698503},"min":{"x":851.4857862578486,"y":462.5341877271912,"z":4.927365341713689}},"children":[{"tileInfo":{"boundingBox":{"max":{"x":1029.506918610572,"y":599.9507989903068,"z":57.45159291698503},"min":{"x":851.4857862578486,"y":462.5341877271912,"z":4.927365341713689}},"children":[{"tileInfo":{"boundingBox":{"max":{"x":1029.506918610572,"y":599.9507989903068,"z":57.45159291698503},"min":{"x":851.4857862578486,"y":462.5341877271912,"z":4.927365341713689}},"lodNum":3,"modelPath":"Tile_-14625_42671_0000_0000_0002.s3mb","rangeMode":"pixelSizeOnScreen","rangeValue":8.0}}],"lodNum":2,"modelPath":"Tile_-14625_42671_0000_0001_0002.s3mb","rangeMode":"pixelSizeOnScreen","rangeValue":4.0}}],"lodNum":1,"modelPath":"Tile_-14625_42671_0000_0002_0002.s3mb","rangeMode":"pixelSizeOnScreen","rangeValue":2.0}},{"tileInfo":{"boundingBox":{"max":{"x":983.0643087414242,"y":439.4057123795730,"z":24.40965487970267},"min":{"x":896.6120547667292,"y":296.1765541234344,"z":4.930650900309487}},"children":[{"tileInfo":{"boundingBox":{"max":{"x":983.0643087414242,"y":439.4057123795730,"z":24.40965487970267},"min":{"x":896.6120547667292,"y":296.1765541234344,"z":4.930650900309487}},"children":[{"tileInfo":{"boundingBox":{"max":{"x":983.0643087414242,"y":439.4057123795730,"z":24.40965487970267},"min":{"x":896.6120547667292,"y":296.1765541234344,"z":4.930650900309487}},"lodNum":3,"modelPath":"Tile_-14625_42671_0000_0000_0003.s3mb","rangeMode":"pixelSizeOnScreen","rangeValue":8.0}}],"lodNum":2,"modelPath":"Tile_-14625_42671_0000_0001_0003.s3mb","rangeMode":"pixelSizeOnScreen","rangeValue":4.0}}],"lodNum":1,"modelPath":"Tile_-14625_42671_0000_0002_0003.s3mb","rangeMode":"pixelSizeOnScreen","rangeValue":2.0}}],"lodNum":0,"modelPath":"Tile_-14625_42671_0000.s3mb","rangeMode":"pixelSizeOnScreen","rangeValue":1.0}}}
