{"lodTreeExport":{"name":"Tile_-14627_42665_0000","status":{"lodCount":5,"tilesCount":13},"tileInfo":{"boundingBox":{"max":{"x":-455.0773171920271,"y":1047.650441952030,"z":57.46122615673019},"min":{"x":-778.9330791330026,"y":824.7593988150102,"z":4.871251641690129}},"children":[{"tileInfo":{"boundingBox":{"max":{"x":-503.7617403202213,"y":1047.650441952030,"z":57.45010556603614},"min":{"x":-778.9330791330026,"y":824.7593988150102,"z":4.871251641690129}},"children":[{"tileInfo":{"boundingBox":{"max":{"x":-503.7617403202213,"y":1047.650441952030,"z":51.54439160917170},"min":{"x":-778.9330791330026,"y":1026.914983164943,"z":4.871251641690129}},"children":[{"tileInfo":{"boundingBox":{"max":{"x":-503.7617403202213,"y":1047.650441952030,"z":51.54439160917170},"min":{"x":-778.9330791330026,"y":1026.914983164943,"z":4.871251641690129}},"lodNum":3,"modelPath":"Tile_-14627_42665_0000_0000_0000.s3mb","rangeMode":"pixelSizeOnScreen","rangeValue":8.0}}],"lodNum":2,"modelPath":"Tile_-14627_42665_0000_0001_0000.s3mb","rangeMode":"pixelSizeOnScreen","rangeValue":4.0}},{"tileInfo":{"boundingBox":{"max":{"x":-507.9181543064032,"y":1000.070223058606,"z":24.40261222197923},"min":{"x":-746.8857947255685,"y":824.7593988150102,"z":4.890526866543899}},"children":[{"tileInfo":{"boundingBox":{"max":{"x":-507.9181768969152,"y":1000.071981832319,"z":24.40273491259824},"min":{"x":-746.8811228375961,"y":824.7575643194718,"z":4.881900808306430}},"children":[{"tileInfo":{"boundingBox":{"max":{"x":-507.9181768969152,"y":1000.071981832319,"z":24.40273491259824},"min":{"x":-746.8811228375961,"y":824.7575643194718,"z":4.881900808306430}},"lodNum":4,"modelPath":"Tile_-14627_42665_0000_-0001_0001.s3mb","rangeMode":"pixelSizeOnScreen","rangeValue":16.0}},{"tileInfo":{"boundingBox":{"max":{"x":-573.0120527328709,"y":979.5106420972113,"z":11.30113974125111},"min":{"x":-721.8593096371438,"y":824.7588621376135,"z":4.899786062629440}},"lodNum":4,"modelPath":"Tile_-14627_42665_0000_-0001_0002.s3mb","rangeMode":"pixelSizeOnScreen","rangeValue":16.0}}],"lodNum":3,"modelPath":"Tile_-14627_42665_0000_0000_0001.s3mb","rangeMode":"pixelSizeOnScreen","rangeValue":8.0}}],"lodNum":2,"modelPath":"Tile_-14627_42665_0000_0001_0001.s3mb","rangeMode":"pixelSizeOnScreen","rangeValue":4.0}},{"tileInfo":{"boundingBox":{"max":{"x":-581.1305825856019,"y":1044.196197995711,"z":57.45010556603614},"min":{"x":-664.2394603673440,"y":1026.495520799512,"z":4.882959287593622}},"children":[{"tileInfo":{"boundingBox":{"max":{"x":-581.1305825856019,"y":1044.196197995711,"z":57.45010556603614},"min":{"x":-664.2394603673440,"y":1026.495520799512,"z":4.882959287593622}},"lodNum":3,"modelPath":"Tile_-14627_42665_0000_0000_0002.s3mb","rangeMode":"pixelSizeOnScreen","rangeValue":8.0}}],"lodNum":2,"modelPath":"Tile_-14627_42665_0000_0001_0002.s3mb","rangeMode":"pixelSizeOnScreen","rangeValue":4.0}}],"lodNum":1,"modelPath":"Tile_-14627_42665_0000_0002_0000.s3mb","rangeMode":"pixelSizeOnScreen","rangeValue":2.0}},{"tileInfo":{"boundingBox":{"max":{"x":-455.0773171920271,"y":1040.663094219041,"z":57.46122615673019},"min":{"x":-506.7920839716962,"y":899.0684149805516,"z":4.916946227341784}},"children":[{"tileInfo":{"boundingBox":{"max":{"x":-455.0773171920271,"y":1040.663094219041,"z":57.46122615673019},"min":{"x":-506.7920839716962,"y":899.0684149805516,"z":4.916946227341784}},"children":[{"tileInfo":{"boundingBox":{"max":{"x":-455.0773171920271,"y":1040.663094219041,"z":57.46122615673019},"min":{"x":-506.7920839716962,"y":899.0684149805516,"z":4.916946227341784}},"lodNum":3,"modelPath":"Tile_-14627_42665_0000_0000_0003.s3mb","rangeMode":"pixelSizeOnScreen","rangeValue":8.0}}],"lodNum":2,"modelPath":"Tile_-14627_42665_0000_0001_0003.s3mb","rangeMode":"pixelSizeOnScreen","rangeValue":4.0}}],"lodNum":1,"modelPath":"Tile_-14627_42665_0000_0002_0001.s3mb","rangeMode":"pixelSizeOnScreen","rangeValue":2.0}}],"lodNum":0,"modelPath":"Tile_-14627_42665_0000.s3mb","rangeMode":"pixelSizeOnScreen","rangeValue":1.0}}}
