{"lodTreeExport":{"name":"Tile_-40949_119476_0000","tileInfo":{"lodNum":0,"modelPath":"Tile_-40949_119476_0000.s3mb","rangeMode":"pixelSizeOnScreen","rangeValue":1.0,"boundingBox":{"min":{"x":-14.738414764404297,"y":-114.55039978027344,"z":3.0218210220336916},"max":{"x":14.738414764404297,"y":114.55042266845703,"z":28.54900360107422}},"children":[{"tileInfo":{"lodNum":1,"modelPath":"Tile_-40949_119476_0000_0004_0000.s3mb","rangeMode":"pixelSizeOnScreen","rangeValue":2.0,"boundingBox":{"min":{"x":-14.738414764404297,"y":-114.55039978027344,"z":3.0218210220336916},"max":{"x":14.738414764404297,"y":114.55042266845703,"z":14.804037094116211}},"children":[{"tileInfo":{"lodNum":2,"modelPath":"Tile_-40949_119476_0000_0003_0000.s3mb","rangeMode":"pixelSizeOnScreen","rangeValue":4.0,"boundingBox":{"min":{"x":-14.738414764404297,"y":-114.55039978027344,"z":3.0218210220336916},"max":{"x":14.738414764404297,"y":114.55042266845703,"z":14.804037094116211}},"children":[{"tileInfo":{"lodNum":3,"modelPath":"Tile_-40949_119476_0000_0002_0000.s3mb","rangeMode":"pixelSizeOnScreen","rangeValue":8.0,"boundingBox":{"min":{"x":-14.738414764404297,"y":-114.55039978027344,"z":3.0218210220336916},"max":{"x":14.738414764404297,"y":114.55042266845703,"z":14.804037094116211}},"children":[{"tileInfo":{"lodNum":4,"modelPath":"Tile_-40949_119476_0000_0001_0000.s3mb","rangeMode":"pixelSizeOnScreen","rangeValue":16.0,"boundingBox":{"min":{"x":-14.738414764404297,"y":-114.55039978027344,"z":3.0218210220336916},"max":{"x":14.738414764404297,"y":114.55042266845703,"z":14.804037094116211}},"children":[{"tileInfo":{"lodNum":5,"modelPath":"Tile_-40949_119476_0000_0000_0000.s3mb","rangeMode":"pixelSizeOnScreen","rangeValue":32.0,"boundingBox":{"min":{"x":-14.738414764404297,"y":-114.55039978027344,"z":3.0218210220336916},"max":{"x":14.738414764404297,"y":114.55042266845703,"z":14.804037094116211}}}}]}}]}}]}}]}},{"tileInfo":{"lodNum":1,"modelPath":"Tile_-40949_119476_0000_0004_0001.s3mb","rangeMode":"pixelSizeOnScreen","rangeValue":2.0,"boundingBox":{"min":{"x":-13.32331657409668,"y":-49.595035552978519,"z":5.000001907348633},"max":{"x":13.32331657409668,"y":49.59505844116211,"z":28.54900360107422}},"children":[{"tileInfo":{"lodNum":2,"modelPath":"Tile_-40949_119476_0000_0003_0001.s3mb","rangeMode":"pixelSizeOnScreen","rangeValue":4.0,"boundingBox":{"min":{"x":-13.32331657409668,"y":-49.595035552978519,"z":5.000001907348633},"max":{"x":13.32331657409668,"y":49.59505844116211,"z":28.54900550842285}},"children":[{"tileInfo":{"lodNum":3,"modelPath":"Tile_-40949_119476_0000_0002_0001.s3mb","rangeMode":"pixelSizeOnScreen","rangeValue":8.0,"boundingBox":{"min":{"x":-13.32331657409668,"y":-49.595035552978519,"z":5.000001907348633},"max":{"x":13.32331657409668,"y":49.59505844116211,"z":28.54900550842285}},"children":[{"tileInfo":{"lodNum":4,"modelPath":"Tile_-40949_119476_0000_0001_0001.s3mb","rangeMode":"pixelSizeOnScreen","rangeValue":16.0,"boundingBox":{"min":{"x":-13.32331657409668,"y":-49.595035552978519,"z":5.000001907348633},"max":{"x":13.32331657409668,"y":49.59505844116211,"z":28.54900550842285}},"children":[{"tileInfo":{"lodNum":5,"modelPath":"Tile_-40949_119476_0000_0000_0001.s3mb","rangeMode":"pixelSizeOnScreen","rangeValue":32.0,"boundingBox":{"min":{"x":-13.32331657409668,"y":-49.595035552978519,"z":5.000001907348633},"max":{"x":13.32331657409668,"y":49.59505844116211,"z":28.54900550842285}}}}]}}]}}]}}]}}]},"status":{"lodCount":5,"tilesCount":11}}}