{"lodTreeExport":{"name":"Tile_-40955_119478_0000","tileInfo":{"lodNum":0,"modelPath":"Tile_-40955_119478_0000.s3mb","rangeMode":"pixelSizeOnScreen","rangeValue":1.0,"boundingBox":{"min":{"x":-33.71588134765625,"y":-18.731433868408204,"z":5.000003814697266},"max":{"x":33.71588134765625,"y":18.731582641601564,"z":110.80000305175781}},"children":[{"tileInfo":{"lodNum":1,"modelPath":"Tile_-40955_119478_0000_0004_0000.s3mb","rangeMode":"pixelSizeOnScreen","rangeValue":2.0,"boundingBox":{"min":{"x":-33.71588134765625,"y":-18.731433868408204,"z":5.000003814697266},"max":{"x":33.71588134765625,"y":18.731582641601564,"z":110.80000305175781}},"children":[{"tileInfo":{"lodNum":2,"modelPath":"Tile_-40955_119478_0000_0003_0000.s3mb","rangeMode":"pixelSizeOnScreen","rangeValue":4.0,"boundingBox":{"min":{"x":-33.71588134765625,"y":-18.731433868408204,"z":5.000003814697266},"max":{"x":33.71588134765625,"y":18.731582641601564,"z":110.80000305175781}},"children":[{"tileInfo":{"lodNum":3,"modelPath":"Tile_-40955_119478_0000_0002_0000.s3mb","rangeMode":"pixelSizeOnScreen","rangeValue":8.0,"boundingBox":{"min":{"x":-33.71588134765625,"y":-18.731433868408204,"z":5.000003814697266},"max":{"x":33.71588134765625,"y":18.731582641601564,"z":110.80000305175781}},"children":[{"tileInfo":{"lodNum":4,"modelPath":"Tile_-40955_119478_0000_0001_0000.s3mb","rangeMode":"pixelSizeOnScreen","rangeValue":16.0,"boundingBox":{"min":{"x":-33.71588134765625,"y":-18.731433868408204,"z":5.000003814697266},"max":{"x":33.71588134765625,"y":18.731582641601564,"z":110.80000305175781}},"children":[{"tileInfo":{"lodNum":5,"modelPath":"Tile_-40955_119478_0000_0000_0000.s3mb","rangeMode":"pixelSizeOnScreen","rangeValue":32.0,"boundingBox":{"min":{"x":-33.71588134765625,"y":-18.731433868408204,"z":5.000003814697266},"max":{"x":33.71588134765625,"y":18.731582641601564,"z":110.80000305175781}}}}]}}]}}]}}]}}]},"status":{"lodCount":5,"tilesCount":6}}}