{"lodTreeExport":{"name":"Tile_-40956_119477_0000","tileInfo":{"lodNum":0,"modelPath":"Tile_-40956_119477_0000.s3mb","rangeMode":"pixelSizeOnScreen","rangeValue":1.0,"boundingBox":{"min":{"x":-22.919038772583009,"y":-21.380401611328126,"z":4.999994277954102},"max":{"x":22.919038772583009,"y":21.38047218322754,"z":110.79999542236328}},"children":[{"tileInfo":{"lodNum":1,"modelPath":"Tile_-40956_119477_0000_0004_0000.s3mb","rangeMode":"pixelSizeOnScreen","rangeValue":2.0,"boundingBox":{"min":{"x":-22.919038772583009,"y":-21.380401611328126,"z":4.999994277954102},"max":{"x":22.919038772583009,"y":21.38047218322754,"z":110.79999542236328}},"children":[{"tileInfo":{"lodNum":2,"modelPath":"Tile_-40956_119477_0000_0003_0000.s3mb","rangeMode":"pixelSizeOnScreen","rangeValue":4.0,"boundingBox":{"min":{"x":-22.919038772583009,"y":-21.380401611328126,"z":4.999994277954102},"max":{"x":22.919038772583009,"y":21.38047218322754,"z":110.79999542236328}},"children":[{"tileInfo":{"lodNum":3,"modelPath":"Tile_-40956_119477_0000_0002_0000.s3mb","rangeMode":"pixelSizeOnScreen","rangeValue":8.0,"boundingBox":{"min":{"x":-22.919038772583009,"y":-21.380401611328126,"z":4.999994277954102},"max":{"x":22.919038772583009,"y":21.38047218322754,"z":110.79999542236328}},"children":[{"tileInfo":{"lodNum":4,"modelPath":"Tile_-40956_119477_0000_0001_0000.s3mb","rangeMode":"pixelSizeOnScreen","rangeValue":16.0,"boundingBox":{"min":{"x":-22.919038772583009,"y":-21.380401611328126,"z":4.999994277954102},"max":{"x":22.919038772583009,"y":21.38047218322754,"z":110.79999542236328}},"children":[{"tileInfo":{"lodNum":5,"modelPath":"Tile_-40956_119477_0000_0000_0000.s3mb","rangeMode":"pixelSizeOnScreen","rangeValue":32.0,"boundingBox":{"min":{"x":-22.919038772583009,"y":-21.380401611328126,"z":4.999994277954102},"max":{"x":22.919038772583009,"y":21.38047218322754,"z":110.79999542236328}}}}]}}]}}]}}]}}]},"status":{"lodCount":5,"tilesCount":6}}}