{"lodTreeExport":{"name":"Tile_-14621_42667_0000","status":{"lodCount":5,"tilesCount":18},"tileInfo":{"boundingBox":{"max":{"x":20.57443951427805,"y":-638.3740361480899,"z":120.7028032498021},"min":{"x":-161.1260499926663,"y":-962.9867590856379,"z":3.756982162391163}},"children":[{"tileInfo":{"boundingBox":{"max":{"x":-81.44398984562919,"y":-798.2276670068861,"z":120.7028032498021},"min":{"x":-161.1260499926663,"y":-962.9867590856379,"z":4.926299504939558}},"children":[{"tileInfo":{"boundingBox":{"max":{"x":-81.44398984562919,"y":-802.5512742343788,"z":82.03015326847540},"min":{"x":-157.7481673151174,"y":-856.3491961364630,"z":4.940732035842323}},"children":[{"tileInfo":{"boundingBox":{"max":{"x":-81.44398984562919,"y":-802.5512742343788,"z":82.03015326847540},"min":{"x":-157.7481673151174,"y":-856.3491961364630,"z":4.940732035842323}},"lodNum":3,"modelPath":"Tile_-14621_42667_0000_0000_0000.s3mb","rangeMode":"pixelSizeOnScreen","rangeValue":8.0}}],"lodNum":2,"modelPath":"Tile_-14621_42667_0000_0001_0000.s3mb","rangeMode":"pixelSizeOnScreen","rangeValue":4.0}},{"tileInfo":{"boundingBox":{"max":{"x":-81.44893849766525,"y":-798.2276670068861,"z":120.7028032498021},"min":{"x":-161.1260499926663,"y":-962.9867590856379,"z":4.926299504939558}},"children":[{"tileInfo":{"boundingBox":{"max":{"x":-81.44893849766525,"y":-798.2144558698864,"z":120.6848558713791},"min":{"x":-161.1259750153261,"y":-962.9876611643761,"z":4.926542932701899}},"children":[{"tileInfo":{"boundingBox":{"max":{"x":-81.44893849766525,"y":-798.2146873972945,"z":120.6834875834634},"min":{"x":-161.1259750153261,"y":-962.9876611643761,"z":4.926881901742068}},"lodNum":4,"modelPath":"Tile_-14621_42667_0000_-0001_0001.s3mb","rangeMode":"pixelSizeOnScreen","rangeValue":16.0}},{"tileInfo":{"boundingBox":{"max":{"x":-87.94350959596304,"y":-798.2144558698864,"z":120.6848558713791},"min":{"x":-158.2089662533955,"y":-958.9593524203406,"z":4.926542932701899}},"lodNum":4,"modelPath":"Tile_-14621_42667_0000_-0001_0002.s3mb","rangeMode":"pixelSizeOnScreen","rangeValue":16.0}}],"lodNum":3,"modelPath":"Tile_-14621_42667_0000_0000_0001.s3mb","rangeMode":"pixelSizeOnScreen","rangeValue":8.0}}],"lodNum":2,"modelPath":"Tile_-14621_42667_0000_0001_0001.s3mb","rangeMode":"pixelSizeOnScreen","rangeValue":4.0}}],"lodNum":1,"modelPath":"Tile_-14621_42667_0000_0002_0000.s3mb","rangeMode":"pixelSizeOnScreen","rangeValue":2.0}},{"tileInfo":{"boundingBox":{"max":{"x":-18.29218402798842,"y":-638.3740361480899,"z":106.2471874860808},"min":{"x":-118.6334402503864,"y":-766.5567042157228,"z":4.953020558040673}},"children":[{"tileInfo":{"boundingBox":{"max":{"x":-18.29218402798842,"y":-638.3740361480899,"z":106.2471874860808},"min":{"x":-116.4588262066633,"y":-715.5277328246170,"z":4.959106838170136}},"children":[{"tileInfo":{"boundingBox":{"max":{"x":-18.29218402798842,"y":-638.3740361480899,"z":106.2471874860808},"min":{"x":-116.4588262066633,"y":-715.5277328246170,"z":4.959106838170136}},"lodNum":3,"modelPath":"Tile_-14621_42667_0000_0000_0002.s3mb","rangeMode":"pixelSizeOnScreen","rangeValue":8.0}}],"lodNum":2,"modelPath":"Tile_-14621_42667_0000_0001_0002.s3mb","rangeMode":"pixelSizeOnScreen","rangeValue":4.0}},{"tileInfo":{"boundingBox":{"max":{"x":-35.06458363261482,"y":-709.9994650272117,"z":98.38207958862535},"min":{"x":-118.6334402503864,"y":-766.5567042157228,"z":4.953020558040673}},"children":[{"tileInfo":{"boundingBox":{"max":{"x":-35.06458363261482,"y":-709.9994650272117,"z":98.38207958862535},"min":{"x":-118.6334402503864,"y":-766.5567042157228,"z":4.953020558040673}},"lodNum":3,"modelPath":"Tile_-14621_42667_0000_0000_0003.s3mb","rangeMode":"pixelSizeOnScreen","rangeValue":8.0}}],"lodNum":2,"modelPath":"Tile_-14621_42667_0000_0001_0003.s3mb","rangeMode":"pixelSizeOnScreen","rangeValue":4.0}}],"lodNum":1,"modelPath":"Tile_-14621_42667_0000_0002_0001.s3mb","rangeMode":"pixelSizeOnScreen","rangeValue":2.0}},{"tileInfo":{"boundingBox":{"max":{"x":20.57443951427805,"y":-797.2619492883381,"z":100.9181903481094},"min":{"x":-62.69544141951971,"y":-874.869929090110,"z":3.756982162391163}},"children":[{"tileInfo":{"boundingBox":{"max":{"x":16.84063018160916,"y":-797.2619492883381,"z":27.78355227435621},"min":{"x":-57.7585377776210,"y":-843.4528311689255,"z":3.756982162391163}},"children":[{"tileInfo":{"boundingBox":{"max":{"x":16.84063018160916,"y":-797.2619492883381,"z":27.78355227435621},"min":{"x":-57.7585377776210,"y":-843.4528311689255,"z":3.756982162391163}},"lodNum":3,"modelPath":"Tile_-14621_42667_0000_0000_0004.s3mb","rangeMode":"pixelSizeOnScreen","rangeValue":8.0}}],"lodNum":2,"modelPath":"Tile_-14621_42667_0000_0001_0004.s3mb","rangeMode":"pixelSizeOnScreen","rangeValue":4.0}},{"tileInfo":{"boundingBox":{"max":{"x":20.57443951427805,"y":-843.4661562615042,"z":100.9181903481094},"min":{"x":-62.69544141951971,"y":-874.869929090110,"z":4.939845501159678}},"children":[{"tileInfo":{"boundingBox":{"max":{"x":20.57443951427805,"y":-843.4661562615042,"z":100.9181903481094},"min":{"x":-62.69544141951971,"y":-874.869929090110,"z":4.939845501159678}},"lodNum":3,"modelPath":"Tile_-14621_42667_0000_0000_0005.s3mb","rangeMode":"pixelSizeOnScreen","rangeValue":8.0}}],"lodNum":2,"modelPath":"Tile_-14621_42667_0000_0001_0005.s3mb","rangeMode":"pixelSizeOnScreen","rangeValue":4.0}}],"lodNum":1,"modelPath":"Tile_-14621_42667_0000_0002_0002.s3mb","rangeMode":"pixelSizeOnScreen","rangeValue":2.0}}],"lodNum":0,"modelPath":"Tile_-14621_42667_0000.s3mb","rangeMode":"pixelSizeOnScreen","rangeValue":1.0}}}
