{"lodTreeExport":{"name":"Tile_-40951_119482_0000","tileInfo":{"lodNum":0,"modelPath":"Tile_-40951_119482_0000.s3mb","rangeMode":"pixelSizeOnScreen","rangeValue":1.0,"boundingBox":{"min":{"x":-17.64944839477539,"y":-98.94416046142578,"z":5.0},"max":{"x":17.64944839477539,"y":98.94420623779297,"z":59.174278259277347}},"children":[{"tileInfo":{"lodNum":1,"modelPath":"Tile_-40951_119482_0000_0004_0000.s3mb","rangeMode":"pixelSizeOnScreen","rangeValue":2.0,"boundingBox":{"min":{"x":-17.64944839477539,"y":-98.94416046142578,"z":5.0},"max":{"x":17.64944839477539,"y":98.94420623779297,"z":59.174278259277347}},"children":[{"tileInfo":{"lodNum":2,"modelPath":"Tile_-40951_119482_0000_0003_0000.s3mb","rangeMode":"pixelSizeOnScreen","rangeValue":4.0,"boundingBox":{"min":{"x":-17.64944839477539,"y":-98.94416046142578,"z":5.0},"max":{"x":17.64944839477539,"y":98.94420623779297,"z":59.174278259277347}},"children":[{"tileInfo":{"lodNum":3,"modelPath":"Tile_-40951_119482_0000_0002_0000.s3mb","rangeMode":"pixelSizeOnScreen","rangeValue":8.0,"boundingBox":{"min":{"x":-17.64944839477539,"y":-98.94416046142578,"z":5.0},"max":{"x":17.64944839477539,"y":98.94420623779297,"z":59.174278259277347}},"children":[{"tileInfo":{"lodNum":4,"modelPath":"Tile_-40951_119482_0000_0001_0000.s3mb","rangeMode":"pixelSizeOnScreen","rangeValue":16.0,"boundingBox":{"min":{"x":-17.64944839477539,"y":-98.94416046142578,"z":5.0},"max":{"x":17.64944839477539,"y":98.94420623779297,"z":59.174278259277347}},"children":[{"tileInfo":{"lodNum":5,"modelPath":"Tile_-40951_119482_0000_0000_0000.s3mb","rangeMode":"pixelSizeOnScreen","rangeValue":32.0,"boundingBox":{"min":{"x":-17.64944839477539,"y":-98.94416046142578,"z":5.0},"max":{"x":17.64944839477539,"y":98.94420623779297,"z":59.174278259277347}},"children":[{"tileInfo":{"lodNum":6,"modelPath":"Tile_-40951_119482_0000_-0001_0000.s3mb","rangeMode":"pixelSizeOnScreen","rangeValue":64.0,"boundingBox":{"min":{"x":-17.135730743408204,"y":-98.94416046142578,"z":5.0},"max":{"x":17.64944839477539,"y":-68.1849594116211,"z":59.174278259277347}}}},{"tileInfo":{"lodNum":6,"modelPath":"Tile_-40951_119482_0000_-0001_0001.s3mb","rangeMode":"pixelSizeOnScreen","rangeValue":64.0,"boundingBox":{"min":{"x":-17.64944839477539,"y":-98.94416046142578,"z":5.000009536743164},"max":{"x":17.64944839477539,"y":98.94420623779297,"z":51.648841857910159}}}}]}}]}}]}}]}}]}}]},"status":{"lodCount":6,"tilesCount":8}}}