{"lodTreeExport":{"name":"Tile_-14626_42671_0000","status":{"lodCount":4,"tilesCount":9},"tileInfo":{"boundingBox":{"max":{"x":951.0793016181008,"y":920.9920080946941,"z":24.37395817897297},"min":{"x":607.7469241598387,"y":722.6297604176060,"z":4.905098733326666}},"children":[{"tileInfo":{"boundingBox":{"max":{"x":943.8956697033647,"y":920.9920080946941,"z":24.36595964520021},"min":{"x":607.7469241598387,"y":722.6297604176060,"z":4.915884121138236}},"children":[{"tileInfo":{"boundingBox":{"max":{"x":815.5800712020061,"y":844.6131581543165,"z":23.0925778354720},"min":{"x":679.2390533357424,"y":722.6297604176060,"z":4.923540541104099}},"children":[{"tileInfo":{"boundingBox":{"max":{"x":815.5800712020061,"y":844.6131581543165,"z":23.0925778354720},"min":{"x":679.2390533357424,"y":722.6297604176060,"z":4.923540541104099}},"lodNum":3,"modelPath":"Tile_-14626_42671_0000_0000_0000.s3mb","rangeMode":"pixelSizeOnScreen","rangeValue":8.0}}],"lodNum":2,"modelPath":"Tile_-14626_42671_0000_0001_0000.s3mb","rangeMode":"pixelSizeOnScreen","rangeValue":4.0}},{"tileInfo":{"boundingBox":{"max":{"x":943.8956697033647,"y":920.9920080946941,"z":24.36595964520021},"min":{"x":607.7469241598387,"y":856.0413280655705,"z":4.915884121138236}},"children":[{"tileInfo":{"boundingBox":{"max":{"x":943.8956697033647,"y":920.9920080946941,"z":24.36595964520021},"min":{"x":607.7469241598387,"y":856.0413280655705,"z":4.915884121138236}},"lodNum":3,"modelPath":"Tile_-14626_42671_0000_0000_0001.s3mb","rangeMode":"pixelSizeOnScreen","rangeValue":8.0}}],"lodNum":2,"modelPath":"Tile_-14626_42671_0000_0001_0001.s3mb","rangeMode":"pixelSizeOnScreen","rangeValue":4.0}}],"lodNum":1,"modelPath":"Tile_-14626_42671_0000_0002_0000.s3mb","rangeMode":"pixelSizeOnScreen","rangeValue":2.0}},{"tileInfo":{"boundingBox":{"max":{"x":951.0793016181008,"y":842.7854220262855,"z":24.37395817897297},"min":{"x":821.8225126035178,"y":736.3451244171753,"z":4.905098733326666}},"children":[{"tileInfo":{"boundingBox":{"max":{"x":951.0793016181008,"y":842.7854220262855,"z":24.37395817897297},"min":{"x":821.8225126035178,"y":736.3451244171753,"z":4.905098733326666}},"children":[{"tileInfo":{"boundingBox":{"max":{"x":951.0793016181008,"y":842.7854220262855,"z":24.37395817897297},"min":{"x":821.8225126035178,"y":736.3451244171753,"z":4.905098733326666}},"lodNum":3,"modelPath":"Tile_-14626_42671_0000_0000_0002.s3mb","rangeMode":"pixelSizeOnScreen","rangeValue":8.0}}],"lodNum":2,"modelPath":"Tile_-14626_42671_0000_0001_0002.s3mb","rangeMode":"pixelSizeOnScreen","rangeValue":4.0}}],"lodNum":1,"modelPath":"Tile_-14626_42671_0000_0002_0001.s3mb","rangeMode":"pixelSizeOnScreen","rangeValue":2.0}}],"lodNum":0,"modelPath":"Tile_-14626_42671_0000.s3mb","rangeMode":"pixelSizeOnScreen","rangeValue":1.0}}}
