{"lodTreeExport":{"name":"Tile_-40954_119480_0000","tileInfo":{"lodNum":0,"modelPath":"Tile_-40954_119480_0000.s3mb","rangeMode":"pixelSizeOnScreen","rangeValue":1.0,"boundingBox":{"min":{"x":-100.02540588378906,"y":-59.77656936645508,"z":5.0},"max":{"x":100.02540588378906,"y":59.77788162231445,"z":78.4000015258789}},"children":[{"tileInfo":{"lodNum":1,"modelPath":"Tile_-40954_119480_0000_0004_0000.s3mb","rangeMode":"pixelSizeOnScreen","rangeValue":2.0,"boundingBox":{"min":{"x":-100.02540588378906,"y":-59.77656936645508,"z":5.0},"max":{"x":100.02540588378906,"y":59.77788162231445,"z":78.4000015258789}},"children":[{"tileInfo":{"lodNum":2,"modelPath":"Tile_-40954_119480_0000_0003_0000.s3mb","rangeMode":"pixelSizeOnScreen","rangeValue":4.0,"boundingBox":{"min":{"x":-100.02540588378906,"y":-59.77656936645508,"z":5.0},"max":{"x":100.02540588378906,"y":59.77788162231445,"z":78.4000015258789}},"children":[{"tileInfo":{"lodNum":3,"modelPath":"Tile_-40954_119480_0000_0002_0000.s3mb","rangeMode":"pixelSizeOnScreen","rangeValue":8.0,"boundingBox":{"min":{"x":-100.02540588378906,"y":-59.77656936645508,"z":5.0},"max":{"x":100.02540588378906,"y":59.77788162231445,"z":78.4000015258789}},"children":[{"tileInfo":{"lodNum":4,"modelPath":"Tile_-40954_119480_0000_0001_0000.s3mb","rangeMode":"pixelSizeOnScreen","rangeValue":16.0,"boundingBox":{"min":{"x":-100.02540588378906,"y":-59.77656936645508,"z":5.0},"max":{"x":100.02540588378906,"y":59.77788162231445,"z":78.4000015258789}},"children":[{"tileInfo":{"lodNum":5,"modelPath":"Tile_-40954_119480_0000_0000_0000.s3mb","rangeMode":"pixelSizeOnScreen","rangeValue":32.0,"boundingBox":{"min":{"x":-100.02540588378906,"y":-59.77656936645508,"z":5.0},"max":{"x":100.02540588378906,"y":59.77788162231445,"z":78.4000015258789}}}}]}}]}}]}}]}}]},"status":{"lodCount":5,"tilesCount":6}}}