{"lodTreeExport":{"name":"Tile_-14623_42670_0000","status":{"lodCount":4,"tilesCount":12},"tileInfo":{"boundingBox":{"max":{"x":756.9258360384164,"y":-24.56761251030785,"z":93.95025574774627},"min":{"x":473.6995609045731,"y":-387.8381514205757,"z":4.954049617277805}},"children":[{"tileInfo":{"boundingBox":{"max":{"x":587.5108567931316,"y":-39.48496549003859,"z":59.17348485175761},"min":{"x":473.6995609045731,"y":-184.2964999761103,"z":4.980406781419708}},"children":[{"tileInfo":{"boundingBox":{"max":{"x":587.5108567931316,"y":-39.48496549003859,"z":59.17348485175761},"min":{"x":473.6995609045731,"y":-184.2964999761103,"z":4.980406781419708}},"children":[{"tileInfo":{"boundingBox":{"max":{"x":587.5108567931316,"y":-39.48496549003859,"z":59.17348485175761},"min":{"x":473.6995609045731,"y":-184.2964999761103,"z":4.980406781419708}},"lodNum":3,"modelPath":"Tile_-14623_42670_0000_0000_0000.s3mb","rangeMode":"pixelSizeOnScreen","rangeValue":8.0}}],"lodNum":2,"modelPath":"Tile_-14623_42670_0000_0001_0000.s3mb","rangeMode":"pixelSizeOnScreen","rangeValue":4.0}}],"lodNum":1,"modelPath":"Tile_-14623_42670_0000_0002_0000.s3mb","rangeMode":"pixelSizeOnScreen","rangeValue":2.0}},{"tileInfo":{"boundingBox":{"max":{"x":731.7127454944676,"y":-24.56761251030785,"z":79.69693782238707},"min":{"x":587.5862164651647,"y":-197.2316666925321,"z":4.963114798481269}},"children":[{"tileInfo":{"boundingBox":{"max":{"x":642.4668136134602,"y":-39.25091943203658,"z":79.69693782238707},"min":{"x":587.5862164651647,"y":-179.1337357652557,"z":4.970876537980864}},"children":[{"tileInfo":{"boundingBox":{"max":{"x":642.4668136134602,"y":-39.25091943203658,"z":79.69693782238707},"min":{"x":587.5862164651647,"y":-179.1337357652557,"z":4.970876537980864}},"lodNum":3,"modelPath":"Tile_-14623_42670_0000_0000_0001.s3mb","rangeMode":"pixelSizeOnScreen","rangeValue":8.0}}],"lodNum":2,"modelPath":"Tile_-14623_42670_0000_0001_0001.s3mb","rangeMode":"pixelSizeOnScreen","rangeValue":4.0}},{"tileInfo":{"boundingBox":{"max":{"x":731.7127454944676,"y":-24.56761251030785,"z":57.65884465686497},"min":{"x":663.4119866362285,"y":-197.2316666925321,"z":4.963114798481269}},"children":[{"tileInfo":{"boundingBox":{"max":{"x":731.7127454944676,"y":-24.56761251030785,"z":57.65884465686497},"min":{"x":663.4119866362285,"y":-197.2316666925321,"z":4.963114798481269}},"lodNum":3,"modelPath":"Tile_-14623_42670_0000_0000_0002.s3mb","rangeMode":"pixelSizeOnScreen","rangeValue":8.0}}],"lodNum":2,"modelPath":"Tile_-14623_42670_0000_0001_0002.s3mb","rangeMode":"pixelSizeOnScreen","rangeValue":4.0}}],"lodNum":1,"modelPath":"Tile_-14623_42670_0000_0002_0001.s3mb","rangeMode":"pixelSizeOnScreen","rangeValue":2.0}},{"tileInfo":{"boundingBox":{"max":{"x":756.9258360384164,"y":-260.2364970889806,"z":93.95025574774627},"min":{"x":664.7080246274861,"y":-387.8381514205757,"z":4.954049617277805}},"children":[{"tileInfo":{"boundingBox":{"max":{"x":756.9258360384164,"y":-260.2364970889806,"z":93.95025574774627},"min":{"x":664.7080246274861,"y":-387.8381514205757,"z":4.954049617277805}},"children":[{"tileInfo":{"boundingBox":{"max":{"x":756.9258360384164,"y":-260.2364970889806,"z":93.95025574774627},"min":{"x":664.7080246274861,"y":-387.8381514205757,"z":4.954049617277805}},"lodNum":3,"modelPath":"Tile_-14623_42670_0000_0000_0003.s3mb","rangeMode":"pixelSizeOnScreen","rangeValue":8.0}}],"lodNum":2,"modelPath":"Tile_-14623_42670_0000_0001_0003.s3mb","rangeMode":"pixelSizeOnScreen","rangeValue":4.0}}],"lodNum":1,"modelPath":"Tile_-14623_42670_0000_0002_0002.s3mb","rangeMode":"pixelSizeOnScreen","rangeValue":2.0}}],"lodNum":0,"modelPath":"Tile_-14623_42670_0000.s3mb","rangeMode":"pixelSizeOnScreen","rangeValue":1.0}}}
