{"lodTreeExport":{"name":"Tile_-40955_119482_0000","tileInfo":{"lodNum":0,"modelPath":"Tile_-40955_119482_0000.s3mb","rangeMode":"pixelSizeOnScreen","rangeValue":1.0,"boundingBox":{"min":{"x":-100.3455581665039,"y":-73.12177276611328,"z":4.999988555908203},"max":{"x":100.3455581665039,"y":73.12310028076172,"z":23.199989318847658}},"children":[{"tileInfo":{"lodNum":1,"modelPath":"Tile_-40955_119482_0000_0004_0000.s3mb","rangeMode":"pixelSizeOnScreen","rangeValue":2.0,"boundingBox":{"min":{"x":-100.3455581665039,"y":-73.12177276611328,"z":4.999988555908203},"max":{"x":100.3455581665039,"y":73.12310028076172,"z":23.199989318847658}},"children":[{"tileInfo":{"lodNum":2,"modelPath":"Tile_-40955_119482_0000_0003_0000.s3mb","rangeMode":"pixelSizeOnScreen","rangeValue":4.0,"boundingBox":{"min":{"x":-100.3455581665039,"y":-73.12177276611328,"z":4.999988555908203},"max":{"x":100.3455581665039,"y":73.12310028076172,"z":23.199989318847658}},"children":[{"tileInfo":{"lodNum":3,"modelPath":"Tile_-40955_119482_0000_0002_0000.s3mb","rangeMode":"pixelSizeOnScreen","rangeValue":8.0,"boundingBox":{"min":{"x":-100.3455581665039,"y":-73.12177276611328,"z":4.999988555908203},"max":{"x":100.3455581665039,"y":73.12310028076172,"z":23.199989318847658}},"children":[{"tileInfo":{"lodNum":4,"modelPath":"Tile_-40955_119482_0000_0001_0000.s3mb","rangeMode":"pixelSizeOnScreen","rangeValue":16.0,"boundingBox":{"min":{"x":-100.3455581665039,"y":-73.12177276611328,"z":4.999988555908203},"max":{"x":100.3455581665039,"y":73.12310028076172,"z":23.199989318847658}},"children":[{"tileInfo":{"lodNum":5,"modelPath":"Tile_-40955_119482_0000_0000_0000.s3mb","rangeMode":"pixelSizeOnScreen","rangeValue":32.0,"boundingBox":{"min":{"x":-100.3455581665039,"y":-73.12177276611328,"z":4.999988555908203},"max":{"x":100.3455581665039,"y":73.12310028076172,"z":23.199989318847658}}}}]}}]}}]}}]}}]},"status":{"lodCount":5,"tilesCount":6}}}