{"lodTreeExport":{"name":"Tile_-14627_42670_0000","status":{"lodCount":4,"tilesCount":4},"tileInfo":{"boundingBox":{"max":{"x":701.3964215857669,"y":977.7602573468230,"z":51.28775755376418},"min":{"x":481.5559440003475,"y":851.0267083803602,"z":4.926307239515467}},"children":[{"tileInfo":{"boundingBox":{"max":{"x":701.3964215857669,"y":977.7602573468230,"z":51.28775755376418},"min":{"x":481.5559440003475,"y":851.0267083803602,"z":4.926307239515467}},"children":[{"tileInfo":{"boundingBox":{"max":{"x":701.3964215857669,"y":977.7602573468230,"z":51.28775755376418},"min":{"x":481.5559440003475,"y":851.0267083803602,"z":4.926307239515467}},"children":[{"tileInfo":{"boundingBox":{"max":{"x":701.3964215857669,"y":977.7602573468230,"z":51.28775755376418},"min":{"x":481.5559440003475,"y":851.0267083803602,"z":4.926307239515467}},"lodNum":3,"modelPath":"Tile_-14627_42670_0000_0000_0000.s3mb","rangeMode":"pixelSizeOnScreen","rangeValue":8.0}}],"lodNum":2,"modelPath":"Tile_-14627_42670_0000_0001_0000.s3mb","rangeMode":"pixelSizeOnScreen","rangeValue":4.0}}],"lodNum":1,"modelPath":"Tile_-14627_42670_0000_0002_0000.s3mb","rangeMode":"pixelSizeOnScreen","rangeValue":2.0}}],"lodNum":0,"modelPath":"Tile_-14627_42670_0000.s3mb","rangeMode":"pixelSizeOnScreen","rangeValue":1.0}}}
