{"lodTreeExport":{"name":"Tile_-40950_119482_0000","tileInfo":{"lodNum":0,"modelPath":"Tile_-40950_119482_0000.s3mb","rangeMode":"pixelSizeOnScreen","rangeValue":1.0,"boundingBox":{"min":{"x":-173.5198211669922,"y":-216.4209747314453,"z":4.9999847412109379},"max":{"x":173.5198211669922,"y":216.42491149902345,"z":23.19998550415039}},"children":[{"tileInfo":{"lodNum":1,"modelPath":"Tile_-40950_119482_0000_0004_0000.s3mb","rangeMode":"pixelSizeOnScreen","rangeValue":2.0,"boundingBox":{"min":{"x":-173.5198211669922,"y":-216.4209747314453,"z":4.9999847412109379},"max":{"x":173.5198211669922,"y":216.42491149902345,"z":23.19998550415039}},"children":[{"tileInfo":{"lodNum":2,"modelPath":"Tile_-40950_119482_0000_0003_0000.s3mb","rangeMode":"pixelSizeOnScreen","rangeValue":4.0,"boundingBox":{"min":{"x":-173.5198211669922,"y":-216.4209747314453,"z":4.9999847412109379},"max":{"x":173.5198211669922,"y":216.42491149902345,"z":23.19998550415039}},"children":[{"tileInfo":{"lodNum":3,"modelPath":"Tile_-40950_119482_0000_0002_0000.s3mb","rangeMode":"pixelSizeOnScreen","rangeValue":8.0,"boundingBox":{"min":{"x":-173.5198211669922,"y":-216.4209747314453,"z":4.9999847412109379},"max":{"x":173.5198211669922,"y":216.42491149902345,"z":23.19998550415039}},"children":[{"tileInfo":{"lodNum":4,"modelPath":"Tile_-40950_119482_0000_0001_0000.s3mb","rangeMode":"pixelSizeOnScreen","rangeValue":16.0,"boundingBox":{"min":{"x":-173.5198211669922,"y":-216.4209747314453,"z":4.9999847412109379},"max":{"x":173.5198211669922,"y":216.42491149902345,"z":23.19998550415039}},"children":[{"tileInfo":{"lodNum":5,"modelPath":"Tile_-40950_119482_0000_0000_0000.s3mb","rangeMode":"pixelSizeOnScreen","rangeValue":32.0,"boundingBox":{"min":{"x":-173.5198211669922,"y":-216.4209747314453,"z":4.9999847412109379},"max":{"x":173.5198211669922,"y":216.42491149902345,"z":23.19998550415039}}}}]}}]}}]}}]}}]},"status":{"lodCount":5,"tilesCount":6}}}