{"lodTreeExport":{"name":"Tile_-14621_42672_0000","status":{"lodCount":5,"tilesCount":14},"tileInfo":{"boundingBox":{"max":{"x":1126.510937755711,"y":-663.9179425109609,"z":132.0036334034604},"min":{"x":862.4189148936182,"y":-923.6615348743796,"z":4.854262233081893}},"children":[{"tileInfo":{"boundingBox":{"max":{"x":1115.342870434636,"y":-663.9179425109609,"z":132.0036334034604},"min":{"x":878.7344999402635,"y":-793.0165328091316,"z":4.882491385695187}},"children":[{"tileInfo":{"boundingBox":{"max":{"x":1115.342870434636,"y":-663.9179425109609,"z":132.0036334034604},"min":{"x":878.7344999402635,"y":-718.8456697768590,"z":4.899989741581228}},"children":[{"tileInfo":{"boundingBox":{"max":{"x":1115.342931752543,"y":-663.9181176893195,"z":132.0035826051191},"min":{"x":878.7344999403611,"y":-718.8456697768590,"z":4.899906680185287}},"children":[{"tileInfo":{"boundingBox":{"max":{"x":1115.006244511387,"y":-664.0777445592794,"z":126.7762960701357},"min":{"x":879.5864876429705,"y":-718.8456697768590,"z":4.899989741581228}},"lodNum":4,"modelPath":"Tile_-14621_42672_0000_-0001_0000.s3mb","rangeMode":"pixelSizeOnScreen","rangeValue":16.0}},{"tileInfo":{"boundingBox":{"max":{"x":1115.342931752543,"y":-663.9181176893195,"z":132.0035826051191},"min":{"x":878.7344999403611,"y":-717.3873924693015,"z":4.899906680185287}},"lodNum":4,"modelPath":"Tile_-14621_42672_0000_-0001_0001.s3mb","rangeMode":"pixelSizeOnScreen","rangeValue":16.0}}],"lodNum":3,"modelPath":"Tile_-14621_42672_0000_0000_0000.s3mb","rangeMode":"pixelSizeOnScreen","rangeValue":8.0}}],"lodNum":2,"modelPath":"Tile_-14621_42672_0000_0001_0000.s3mb","rangeMode":"pixelSizeOnScreen","rangeValue":4.0}},{"tileInfo":{"boundingBox":{"max":{"x":1069.025277192618,"y":-757.0098954829140,"z":94.86586496826183},"min":{"x":935.3546599415868,"y":-793.0165328091316,"z":4.882491385695187}},"children":[{"tileInfo":{"boundingBox":{"max":{"x":1069.025277192618,"y":-757.0098954829140,"z":94.86586496826183},"min":{"x":935.3546599415868,"y":-793.0165328091316,"z":4.882491385695187}},"lodNum":3,"modelPath":"Tile_-14621_42672_0000_0000_0001.s3mb","rangeMode":"pixelSizeOnScreen","rangeValue":8.0}}],"lodNum":2,"modelPath":"Tile_-14621_42672_0000_0001_0001.s3mb","rangeMode":"pixelSizeOnScreen","rangeValue":4.0}}],"lodNum":1,"modelPath":"Tile_-14621_42672_0000_0002_0000.s3mb","rangeMode":"pixelSizeOnScreen","rangeValue":2.0}},{"tileInfo":{"boundingBox":{"max":{"x":1126.510937755711,"y":-741.3277775864317,"z":25.01713292907022},"min":{"x":862.4189148936182,"y":-923.6615348743796,"z":4.876831695778101}},"children":[{"tileInfo":{"boundingBox":{"max":{"x":1126.510937755711,"y":-741.3277775864317,"z":25.01713292907022},"min":{"x":862.4189148936182,"y":-923.6615348743796,"z":4.876831695778101}},"children":[{"tileInfo":{"boundingBox":{"max":{"x":1126.510937755711,"y":-741.3277775864317,"z":25.01713292907022},"min":{"x":862.4189148936182,"y":-923.6615348743796,"z":4.876831695778101}},"lodNum":3,"modelPath":"Tile_-14621_42672_0000_0000_0002.s3mb","rangeMode":"pixelSizeOnScreen","rangeValue":8.0}}],"lodNum":2,"modelPath":"Tile_-14621_42672_0000_0001_0002.s3mb","rangeMode":"pixelSizeOnScreen","rangeValue":4.0}}],"lodNum":1,"modelPath":"Tile_-14621_42672_0000_0002_0001.s3mb","rangeMode":"pixelSizeOnScreen","rangeValue":2.0}},{"tileInfo":{"boundingBox":{"max":{"x":1115.519700479008,"y":-872.1462476640548,"z":94.84304807810202},"min":{"x":1015.702429694817,"y":-911.2039548176366,"z":4.854262233081893}},"children":[{"tileInfo":{"boundingBox":{"max":{"x":1115.519700479008,"y":-872.1462476640548,"z":94.84304807810202},"min":{"x":1015.702429694817,"y":-911.2039548176366,"z":4.854262233081893}},"children":[{"tileInfo":{"boundingBox":{"max":{"x":1115.519700479008,"y":-872.1462476640548,"z":94.84304807810202},"min":{"x":1015.702429694817,"y":-911.2039548176366,"z":4.854262233081893}},"lodNum":3,"modelPath":"Tile_-14621_42672_0000_0000_0003.s3mb","rangeMode":"pixelSizeOnScreen","rangeValue":8.0}}],"lodNum":2,"modelPath":"Tile_-14621_42672_0000_0001_0003.s3mb","rangeMode":"pixelSizeOnScreen","rangeValue":4.0}}],"lodNum":1,"modelPath":"Tile_-14621_42672_0000_0002_0002.s3mb","rangeMode":"pixelSizeOnScreen","rangeValue":2.0}}],"lodNum":0,"modelPath":"Tile_-14621_42672_0000.s3mb","rangeMode":"pixelSizeOnScreen","rangeValue":1.0}}}
