{"lodTreeExport":{"name":"Tile_-14622_42666_0000","status":{"lodCount":4,"tilesCount":4},"tileInfo":{"boundingBox":{"max":{"x":-321.4182953555109,"y":-345.9652903467047,"z":75.02850351568306},"min":{"x":-524.6918072757238,"y":-436.8188900297952,"z":14.86443910029218}},"children":[{"tileInfo":{"boundingBox":{"max":{"x":-321.4182953555109,"y":-345.9652903467047,"z":75.02850351568306},"min":{"x":-524.6918072757238,"y":-436.8188900297952,"z":14.86443910029218}},"children":[{"tileInfo":{"boundingBox":{"max":{"x":-321.4182953555109,"y":-345.9652903467047,"z":75.02850351568306},"min":{"x":-524.6918072757238,"y":-436.8188900297952,"z":14.86443910029218}},"children":[{"tileInfo":{"boundingBox":{"max":{"x":-321.4182953555109,"y":-345.9652903467047,"z":75.02850351568306},"min":{"x":-524.6918072757238,"y":-436.8188900297952,"z":14.86443910029218}},"lodNum":3,"modelPath":"Tile_-14622_42666_0000_0000_0000.s3mb","rangeMode":"pixelSizeOnScreen","rangeValue":8.0}}],"lodNum":2,"modelPath":"Tile_-14622_42666_0000_0001_0000.s3mb","rangeMode":"pixelSizeOnScreen","rangeValue":4.0}}],"lodNum":1,"modelPath":"Tile_-14622_42666_0000_0002_0000.s3mb","rangeMode":"pixelSizeOnScreen","rangeValue":2.0}}],"lodNum":0,"modelPath":"Tile_-14622_42666_0000.s3mb","rangeMode":"pixelSizeOnScreen","rangeValue":1.0}}}
