{"lodTreeExport":{"name":"Tile_-14621_42668_0000","status":{"lodCount":4,"tilesCount":23},"tileInfo":{"boundingBox":{"max":{"x":324.7672449644646,"y":-636.6482330121112,"z":105.6145501083689},"min":{"x":-18.29141507393236,"y":-967.4106543514049,"z":4.925297501007616}},"children":[{"tileInfo":{"boundingBox":{"max":{"x":115.7675710853358,"y":-636.6482330121112,"z":100.8203704702381},"min":{"x":-18.29141507393236,"y":-754.4976090002318,"z":4.955641019226543}},"children":[{"tileInfo":{"boundingBox":{"max":{"x":115.7675710853358,"y":-636.6482330121112,"z":84.52971053386531},"min":{"x":-18.29141507393236,"y":-730.0620128151171,"z":4.958714442335131}},"children":[{"tileInfo":{"boundingBox":{"max":{"x":115.7675710853358,"y":-636.6482330121112,"z":84.52971053386531},"min":{"x":-18.29141507393236,"y":-730.0620128151171,"z":4.958714442335131}},"lodNum":3,"modelPath":"Tile_-14621_42668_0000_0000_0000.s3mb","rangeMode":"pixelSizeOnScreen","rangeValue":8.0}}],"lodNum":2,"modelPath":"Tile_-14621_42668_0000_0001_0000.s3mb","rangeMode":"pixelSizeOnScreen","rangeValue":4.0}},{"tileInfo":{"boundingBox":{"max":{"x":99.36065914959444,"y":-701.8649372501993,"z":100.8203704702381},"min":{"x":-9.608550911036268,"y":-754.4976090002318,"z":4.955641019226543}},"children":[{"tileInfo":{"boundingBox":{"max":{"x":99.36065914959444,"y":-701.8649372501993,"z":100.8203704702381},"min":{"x":-9.608550911036268,"y":-754.4976090002318,"z":4.955641019226543}},"lodNum":3,"modelPath":"Tile_-14621_42668_0000_0000_0001.s3mb","rangeMode":"pixelSizeOnScreen","rangeValue":8.0}}],"lodNum":2,"modelPath":"Tile_-14621_42668_0000_0001_0001.s3mb","rangeMode":"pixelSizeOnScreen","rangeValue":4.0}}],"lodNum":1,"modelPath":"Tile_-14621_42668_0000_0002_0000.s3mb","rangeMode":"pixelSizeOnScreen","rangeValue":2.0}},{"tileInfo":{"boundingBox":{"max":{"x":119.5661982347055,"y":-801.3702970152529,"z":105.6145501083689},"min":{"x":35.38571119241228,"y":-940.1060864472911,"z":4.930674335155953}},"children":[{"tileInfo":{"boundingBox":{"max":{"x":94.68239091553417,"y":-801.3702970152529,"z":28.94904791605257},"min":{"x":41.00034948833090,"y":-845.0466183508288,"z":4.943981537938003}},"children":[{"tileInfo":{"boundingBox":{"max":{"x":94.68239091553417,"y":-801.3702970152529,"z":28.94904791605257},"min":{"x":41.00034948833090,"y":-845.0466183508288,"z":4.943981537938003}},"lodNum":3,"modelPath":"Tile_-14621_42668_0000_0000_0002.s3mb","rangeMode":"pixelSizeOnScreen","rangeValue":8.0}}],"lodNum":2,"modelPath":"Tile_-14621_42668_0000_0001_0002.s3mb","rangeMode":"pixelSizeOnScreen","rangeValue":4.0}},{"tileInfo":{"boundingBox":{"max":{"x":67.25145368235533,"y":-897.2304903306931,"z":105.6145501083689},"min":{"x":35.38571119241228,"y":-940.1060864472911,"z":4.930674335155953}},"children":[{"tileInfo":{"boundingBox":{"max":{"x":67.25145368235533,"y":-897.2304903306931,"z":105.6145501083689},"min":{"x":35.38571119241228,"y":-940.1060864472911,"z":4.930674335155953}},"lodNum":3,"modelPath":"Tile_-14621_42668_0000_0000_0003.s3mb","rangeMode":"pixelSizeOnScreen","rangeValue":8.0}}],"lodNum":2,"modelPath":"Tile_-14621_42668_0000_0001_0003.s3mb","rangeMode":"pixelSizeOnScreen","rangeValue":4.0}},{"tileInfo":{"boundingBox":{"max":{"x":119.5661982347055,"y":-880.6557170717807,"z":104.1381416335155},"min":{"x":81.65755281749722,"y":-922.3597173091994,"z":4.932843315977567}},"children":[{"tileInfo":{"boundingBox":{"max":{"x":119.5661982347055,"y":-880.6557170717807,"z":104.1381416335155},"min":{"x":81.65755281749722,"y":-922.3597173091994,"z":4.932843315977567}},"lodNum":3,"modelPath":"Tile_-14621_42668_0000_0000_0004.s3mb","rangeMode":"pixelSizeOnScreen","rangeValue":8.0}}],"lodNum":2,"modelPath":"Tile_-14621_42668_0000_0001_0004.s3mb","rangeMode":"pixelSizeOnScreen","rangeValue":4.0}}],"lodNum":1,"modelPath":"Tile_-14621_42668_0000_0002_0001.s3mb","rangeMode":"pixelSizeOnScreen","rangeValue":2.0}},{"tileInfo":{"boundingBox":{"max":{"x":324.7672449644646,"y":-647.9146884821663,"z":57.29333975690214},"min":{"x":135.7811945872472,"y":-810.2698851205053,"z":4.947544818891717}},"children":[{"tileInfo":{"boundingBox":{"max":{"x":241.9686080291277,"y":-698.2893949470366,"z":22.95765068466103},"min":{"x":136.1298163934579,"y":-810.2698851205053,"z":4.947544818891717}},"children":[{"tileInfo":{"boundingBox":{"max":{"x":241.9686080291277,"y":-698.2893949470366,"z":22.95765068466103},"min":{"x":136.1298163934579,"y":-810.2698851205053,"z":4.947544818891717}},"lodNum":3,"modelPath":"Tile_-14621_42668_0000_0000_0005.s3mb","rangeMode":"pixelSizeOnScreen","rangeValue":8.0}}],"lodNum":2,"modelPath":"Tile_-14621_42668_0000_0001_0005.s3mb","rangeMode":"pixelSizeOnScreen","rangeValue":4.0}},{"tileInfo":{"boundingBox":{"max":{"x":324.7672449644646,"y":-647.9146884821663,"z":57.29333975690214},"min":{"x":135.7811945872472,"y":-710.3342296201384,"z":4.959775559172978}},"children":[{"tileInfo":{"boundingBox":{"max":{"x":324.7672449644646,"y":-647.9146884821663,"z":57.29333975690214},"min":{"x":135.7811945872472,"y":-710.3342296201384,"z":4.959775559172978}},"lodNum":3,"modelPath":"Tile_-14621_42668_0000_0000_0006.s3mb","rangeMode":"pixelSizeOnScreen","rangeValue":8.0}}],"lodNum":2,"modelPath":"Tile_-14621_42668_0000_0001_0006.s3mb","rangeMode":"pixelSizeOnScreen","rangeValue":4.0}}],"lodNum":1,"modelPath":"Tile_-14621_42668_0000_0002_0002.s3mb","rangeMode":"pixelSizeOnScreen","rangeValue":2.0}},{"tileInfo":{"boundingBox":{"max":{"x":245.0581730955130,"y":-764.4771639332957,"z":33.40619419725871},"min":{"x":136.1251037579901,"y":-967.4106543514049,"z":4.925297501007616}},"children":[{"tileInfo":{"boundingBox":{"max":{"x":183.3274682424244,"y":-764.4771639332957,"z":22.95204185014757},"min":{"x":136.1251037579901,"y":-915.5744897781085,"z":4.933323692446996}},"children":[{"tileInfo":{"boundingBox":{"max":{"x":183.3274682424244,"y":-764.4771639332957,"z":22.95204185014757},"min":{"x":136.1251037579901,"y":-915.5744897781085,"z":4.933323692446996}},"lodNum":3,"modelPath":"Tile_-14621_42668_0000_0000_0007.s3mb","rangeMode":"pixelSizeOnScreen","rangeValue":8.0}}],"lodNum":2,"modelPath":"Tile_-14621_42668_0000_0001_0007.s3mb","rangeMode":"pixelSizeOnScreen","rangeValue":4.0}},{"tileInfo":{"boundingBox":{"max":{"x":245.0581730955130,"y":-821.0200945072544,"z":33.40619419725871},"min":{"x":156.0991986244887,"y":-967.4106543514049,"z":4.925297501007616}},"children":[{"tileInfo":{"boundingBox":{"max":{"x":245.0581730955130,"y":-821.0200945072544,"z":33.40619419725871},"min":{"x":156.0991986244887,"y":-967.4106543514049,"z":4.925297501007616}},"lodNum":3,"modelPath":"Tile_-14621_42668_0000_0000_0008.s3mb","rangeMode":"pixelSizeOnScreen","rangeValue":8.0}}],"lodNum":2,"modelPath":"Tile_-14621_42668_0000_0001_0008.s3mb","rangeMode":"pixelSizeOnScreen","rangeValue":4.0}}],"lodNum":1,"modelPath":"Tile_-14621_42668_0000_0002_0003.s3mb","rangeMode":"pixelSizeOnScreen","rangeValue":2.0}}],"lodNum":0,"modelPath":"Tile_-14621_42668_0000.s3mb","rangeMode":"pixelSizeOnScreen","rangeValue":1.0}}}
