{"lodTreeExport":{"name":"Tile_-14622_42672_0000","status":{"lodCount":4,"tilesCount":13},"tileInfo":{"boundingBox":{"max":{"x":1136.441808487442,"y":-283.8083998437289,"z":79.70680579290912},"min":{"x":988.3530498595851,"y":-546.7154563494653,"z":4.890347230311437}},"children":[{"tileInfo":{"boundingBox":{"max":{"x":1122.718903987485,"y":-320.8895121638931,"z":79.70680579290912},"min":{"x":988.3530498595851,"y":-485.2405419996633,"z":4.905132531440223}},"children":[{"tileInfo":{"boundingBox":{"max":{"x":1122.718903987485,"y":-320.8895121638931,"z":79.70680579290912},"min":{"x":988.3530498595851,"y":-485.2405419996633,"z":4.905132531440223}},"children":[{"tileInfo":{"boundingBox":{"max":{"x":1122.718903987485,"y":-320.8895121638931,"z":79.70680579290912},"min":{"x":988.3530498595851,"y":-485.2405419996633,"z":4.905132531440223}},"lodNum":3,"modelPath":"Tile_-14622_42672_0000_0000_0000.s3mb","rangeMode":"pixelSizeOnScreen","rangeValue":8.0}}],"lodNum":2,"modelPath":"Tile_-14622_42672_0000_0001_0000.s3mb","rangeMode":"pixelSizeOnScreen","rangeValue":4.0}}],"lodNum":1,"modelPath":"Tile_-14622_42672_0000_0002_0000.s3mb","rangeMode":"pixelSizeOnScreen","rangeValue":2.0}},{"tileInfo":{"boundingBox":{"max":{"x":1080.609931713097,"y":-409.4085239602661,"z":22.89583453746302},"min":{"x":994.5419416306338,"y":-546.7154563494653,"z":4.899542964807935}},"children":[{"tileInfo":{"boundingBox":{"max":{"x":1080.609931713097,"y":-409.4085239602661,"z":22.89583453746302},"min":{"x":994.5419416306338,"y":-546.7154563494653,"z":4.899542964807935}},"children":[{"tileInfo":{"boundingBox":{"max":{"x":1080.609931713097,"y":-409.4085239602661,"z":22.89583453746302},"min":{"x":994.5419416306338,"y":-546.7154563494653,"z":4.899542964807935}},"lodNum":3,"modelPath":"Tile_-14622_42672_0000_0000_0001.s3mb","rangeMode":"pixelSizeOnScreen","rangeValue":8.0}}],"lodNum":2,"modelPath":"Tile_-14622_42672_0000_0001_0001.s3mb","rangeMode":"pixelSizeOnScreen","rangeValue":4.0}}],"lodNum":1,"modelPath":"Tile_-14622_42672_0000_0002_0001.s3mb","rangeMode":"pixelSizeOnScreen","rangeValue":2.0}},{"tileInfo":{"boundingBox":{"max":{"x":1130.263365304346,"y":-283.8083998437289,"z":79.69190018293934},"min":{"x":1039.594747634488,"y":-374.2367746022643,"z":4.898390798101386}},"children":[{"tileInfo":{"boundingBox":{"max":{"x":1130.263365304346,"y":-283.8083998437289,"z":79.69190018293934},"min":{"x":1039.594747634488,"y":-374.2367746022643,"z":4.898390798101386}},"children":[{"tileInfo":{"boundingBox":{"max":{"x":1130.263365304346,"y":-283.8083998437289,"z":79.69190018293934},"min":{"x":1039.594747634488,"y":-374.2367746022643,"z":4.898390798101386}},"lodNum":3,"modelPath":"Tile_-14622_42672_0000_0000_0002.s3mb","rangeMode":"pixelSizeOnScreen","rangeValue":8.0}}],"lodNum":2,"modelPath":"Tile_-14622_42672_0000_0001_0002.s3mb","rangeMode":"pixelSizeOnScreen","rangeValue":4.0}}],"lodNum":1,"modelPath":"Tile_-14622_42672_0000_0002_0002.s3mb","rangeMode":"pixelSizeOnScreen","rangeValue":2.0}},{"tileInfo":{"boundingBox":{"max":{"x":1136.441808487442,"y":-455.1364620341548,"z":51.53164213745987},"min":{"x":1053.143624018223,"y":-541.6431887750363,"z":4.890347230311437}},"children":[{"tileInfo":{"boundingBox":{"max":{"x":1136.441808487442,"y":-455.1364620341548,"z":51.53164213745987},"min":{"x":1053.143624018223,"y":-541.6431887750363,"z":4.890347230311437}},"children":[{"tileInfo":{"boundingBox":{"max":{"x":1136.441808487442,"y":-455.1364620341548,"z":51.53164213745987},"min":{"x":1053.143624018223,"y":-541.6431887750363,"z":4.890347230311437}},"lodNum":3,"modelPath":"Tile_-14622_42672_0000_0000_0003.s3mb","rangeMode":"pixelSizeOnScreen","rangeValue":8.0}}],"lodNum":2,"modelPath":"Tile_-14622_42672_0000_0001_0003.s3mb","rangeMode":"pixelSizeOnScreen","rangeValue":4.0}}],"lodNum":1,"modelPath":"Tile_-14622_42672_0000_0002_0003.s3mb","rangeMode":"pixelSizeOnScreen","rangeValue":2.0}}],"lodNum":0,"modelPath":"Tile_-14622_42672_0000.s3mb","rangeMode":"pixelSizeOnScreen","rangeValue":1.0}}}
