{"lodTreeExport":{"name":"Tile_-40958_119480_0000","tileInfo":{"lodNum":0,"modelPath":"Tile_-40958_119480_0000.s3mb","rangeMode":"pixelSizeOnScreen","rangeValue":1.0,"boundingBox":{"min":{"x":-313.5067443847656,"y":-13.113991737365723,"z":5.014387130737305},"max":{"x":313.5067443847656,"y":13.126886367797852,"z":5.06659460067749}},"children":[{"tileInfo":{"lodNum":1,"modelPath":"Tile_-40958_119480_0000_0004_0000.s3mb","rangeMode":"pixelSizeOnScreen","rangeValue":2.0,"boundingBox":{"min":{"x":-313.5067443847656,"y":-13.113991737365723,"z":5.014387130737305},"max":{"x":313.5067443847656,"y":13.126886367797852,"z":5.06659460067749}},"children":[{"tileInfo":{"lodNum":2,"modelPath":"Tile_-40958_119480_0000_0003_0000.s3mb","rangeMode":"pixelSizeOnScreen","rangeValue":4.0,"boundingBox":{"min":{"x":-313.5067443847656,"y":-13.113991737365723,"z":5.014387130737305},"max":{"x":313.5067443847656,"y":13.126886367797852,"z":5.06659460067749}},"children":[{"tileInfo":{"lodNum":3,"modelPath":"Tile_-40958_119480_0000_0002_0000.s3mb","rangeMode":"pixelSizeOnScreen","rangeValue":8.0,"boundingBox":{"min":{"x":-313.5067443847656,"y":-13.113991737365723,"z":5.014387130737305},"max":{"x":313.5067443847656,"y":13.126886367797852,"z":5.06659460067749}},"children":[{"tileInfo":{"lodNum":4,"modelPath":"Tile_-40958_119480_0000_0001_0000.s3mb","rangeMode":"pixelSizeOnScreen","rangeValue":16.0,"boundingBox":{"min":{"x":-313.5067443847656,"y":-13.113991737365723,"z":5.014387130737305},"max":{"x":313.5067443847656,"y":13.126886367797852,"z":5.06659460067749}},"children":[{"tileInfo":{"lodNum":5,"modelPath":"Tile_-40958_119480_0000_0000_0000.s3mb","rangeMode":"pixelSizeOnScreen","rangeValue":32.0,"boundingBox":{"min":{"x":-313.5067443847656,"y":-13.113991737365723,"z":5.014387130737305},"max":{"x":313.5067443847656,"y":13.126886367797852,"z":5.06659460067749}}}}]}}]}}]}}]}}]},"status":{"lodCount":5,"tilesCount":6}}}