{"lodTreeExport":{"name":"Tile_-14626_42666_0000","status":{"lodCount":4,"tilesCount":4},"tileInfo":{"boundingBox":{"max":{"x":-269.8864980803966,"y":904.1824751589713,"z":78.93038090756275},"min":{"x":-392.2610025526104,"y":793.8671795368313,"z":4.938693169067648}},"children":[{"tileInfo":{"boundingBox":{"max":{"x":-269.8864980803966,"y":904.1824751589713,"z":78.93038090756275},"min":{"x":-392.2610025526104,"y":793.8671795368313,"z":4.938693169067648}},"children":[{"tileInfo":{"boundingBox":{"max":{"x":-269.8864980803966,"y":904.1824751589713,"z":78.93038090756275},"min":{"x":-392.2610025526104,"y":793.8671795368313,"z":4.938693169067648}},"children":[{"tileInfo":{"boundingBox":{"max":{"x":-269.8864980803966,"y":904.1824751589713,"z":78.93038090756275},"min":{"x":-392.2610025526104,"y":793.8671795368313,"z":4.938693169067648}},"lodNum":3,"modelPath":"Tile_-14626_42666_0000_0000_0000.s3mb","rangeMode":"pixelSizeOnScreen","rangeValue":8.0}}],"lodNum":2,"modelPath":"Tile_-14626_42666_0000_0001_0000.s3mb","rangeMode":"pixelSizeOnScreen","rangeValue":4.0}}],"lodNum":1,"modelPath":"Tile_-14626_42666_0000_0002_0000.s3mb","rangeMode":"pixelSizeOnScreen","rangeValue":2.0}}],"lodNum":0,"modelPath":"Tile_-14626_42666_0000.s3mb","rangeMode":"pixelSizeOnScreen","rangeValue":1.0}}}
