{"lodTreeExport":{"name":"Tile_-14623_42665_0000","status":{"lodCount":5,"tilesCount":15},"tileInfo":{"boundingBox":{"max":{"x":-448.9503908579010,"y":-44.58591248538292,"z":335.4680347861449},"min":{"x":-719.2702950461336,"y":-365.2152544925436,"z":4.957402880129665}},"children":[{"tileInfo":{"boundingBox":{"max":{"x":-598.3327668144439,"y":-44.58591248538292,"z":69.77048209458860},"min":{"x":-719.2702950461336,"y":-182.1609152527872,"z":4.957402880129665}},"children":[{"tileInfo":{"boundingBox":{"max":{"x":-617.9733528838316,"y":-44.58591248538292,"z":69.77048209458860},"min":{"x":-719.2702950461336,"y":-182.1609152527872,"z":4.957402880129665}},"children":[{"tileInfo":{"boundingBox":{"max":{"x":-617.9733528838316,"y":-44.58591248538292,"z":69.77048209458860},"min":{"x":-719.2702950461336,"y":-182.1609152527872,"z":4.957402880129665}},"lodNum":3,"modelPath":"Tile_-14623_42665_0000_0000_0000.s3mb","rangeMode":"pixelSizeOnScreen","rangeValue":8.0}}],"lodNum":2,"modelPath":"Tile_-14623_42665_0000_0001_0000.s3mb","rangeMode":"pixelSizeOnScreen","rangeValue":4.0}},{"tileInfo":{"boundingBox":{"max":{"x":-598.3327668144439,"y":-52.26525878464977,"z":67.77191314881964},"min":{"x":-651.2933830081350,"y":-134.8738089993808,"z":4.965509816670148}},"children":[{"tileInfo":{"boundingBox":{"max":{"x":-598.3327668144439,"y":-52.26525878464977,"z":67.77191314881964},"min":{"x":-651.2933830081350,"y":-134.8738089993808,"z":4.965509816670148}},"lodNum":3,"modelPath":"Tile_-14623_42665_0000_0000_0001.s3mb","rangeMode":"pixelSizeOnScreen","rangeValue":8.0}}],"lodNum":2,"modelPath":"Tile_-14623_42665_0000_0001_0001.s3mb","rangeMode":"pixelSizeOnScreen","rangeValue":4.0}}],"lodNum":1,"modelPath":"Tile_-14623_42665_0000_0002_0000.s3mb","rangeMode":"pixelSizeOnScreen","rangeValue":2.0}},{"tileInfo":{"boundingBox":{"max":{"x":-557.4814112154745,"y":-259.7921547962299,"z":110.9705959678815},"min":{"x":-597.7848912134289,"y":-365.2152544925436,"z":4.961780100334542}},"children":[{"tileInfo":{"boundingBox":{"max":{"x":-557.4814112154745,"y":-259.7921547962299,"z":110.9705959678815},"min":{"x":-597.7848912134289,"y":-365.2152544925436,"z":4.961780100334542}},"children":[{"tileInfo":{"boundingBox":{"max":{"x":-557.4814112154745,"y":-259.7921547962299,"z":110.9705959678815},"min":{"x":-597.7848912134289,"y":-365.2152544925436,"z":4.961780100334542}},"lodNum":3,"modelPath":"Tile_-14623_42665_0000_0000_0002.s3mb","rangeMode":"pixelSizeOnScreen","rangeValue":8.0}}],"lodNum":2,"modelPath":"Tile_-14623_42665_0000_0001_0002.s3mb","rangeMode":"pixelSizeOnScreen","rangeValue":4.0}}],"lodNum":1,"modelPath":"Tile_-14623_42665_0000_0002_0001.s3mb","rangeMode":"pixelSizeOnScreen","rangeValue":2.0}},{"tileInfo":{"boundingBox":{"max":{"x":-448.9503908579010,"y":-119.3519807026765,"z":335.4680347861449},"min":{"x":-541.4747047310183,"y":-180.9474423377374,"z":4.975887707034280}},"children":[{"tileInfo":{"boundingBox":{"max":{"x":-448.9503908579010,"y":-119.3519807026765,"z":335.4680347861449},"min":{"x":-541.4747047310183,"y":-180.9474423377374,"z":4.975887707034280}},"children":[{"tileInfo":{"boundingBox":{"max":{"x":-448.9494315739235,"y":-119.3519807026765,"z":335.4680347861449},"min":{"x":-541.4747047310183,"y":-180.9474423377374,"z":4.975887707034280}},"children":[{"tileInfo":{"boundingBox":{"max":{"x":-464.8111330222201,"y":-119.7519908805015,"z":334.9903579441751},"min":{"x":-525.6150538321224,"y":-180.5480088461481,"z":4.976174844821673}},"lodNum":4,"modelPath":"Tile_-14623_42665_0000_-0001_0003.s3mb","rangeMode":"pixelSizeOnScreen","rangeValue":16.0}},{"tileInfo":{"boundingBox":{"max":{"x":-449.5170112177293,"y":-119.3519807026765,"z":29.37237570535373},"min":{"x":-540.9070832517406,"y":-180.9474423377374,"z":4.975887707034280}},"lodNum":4,"modelPath":"Tile_-14623_42665_0000_-0001_0004.s3mb","rangeMode":"pixelSizeOnScreen","rangeValue":16.0}},{"tileInfo":{"boundingBox":{"max":{"x":-448.9494315739235,"y":-120.1519362358665,"z":335.4680347861449},"min":{"x":-541.4747047310183,"y":-180.1474956845094,"z":4.975967702633415}},"lodNum":4,"modelPath":"Tile_-14623_42665_0000_-0001_0005.s3mb","rangeMode":"pixelSizeOnScreen","rangeValue":16.0}}],"lodNum":3,"modelPath":"Tile_-14623_42665_0000_0000_0003.s3mb","rangeMode":"pixelSizeOnScreen","rangeValue":8.0}}],"lodNum":2,"modelPath":"Tile_-14623_42665_0000_0001_0003.s3mb","rangeMode":"pixelSizeOnScreen","rangeValue":4.0}}],"lodNum":1,"modelPath":"Tile_-14623_42665_0000_0002_0002.s3mb","rangeMode":"pixelSizeOnScreen","rangeValue":2.0}}],"lodNum":0,"modelPath":"Tile_-14623_42665_0000.s3mb","rangeMode":"pixelSizeOnScreen","rangeValue":1.0}}}
