{"lodTreeExport":{"name":"Tile_-40956_119484_0000","tileInfo":{"lodNum":0,"modelPath":"Tile_-40956_119484_0000.s3mb","rangeMode":"pixelSizeOnScreen","rangeValue":1.0,"boundingBox":{"min":{"x":-43.11857223510742,"y":-114.62684631347656,"z":5.0},"max":{"x":43.118568420410159,"y":114.62709045410156,"z":24.5}},"children":[{"tileInfo":{"lodNum":1,"modelPath":"Tile_-40956_119484_0000_0004_0000.s3mb","rangeMode":"pixelSizeOnScreen","rangeValue":2.0,"boundingBox":{"min":{"x":-43.11857223510742,"y":-114.62684631347656,"z":5.0},"max":{"x":43.118568420410159,"y":114.62709045410156,"z":24.5}},"children":[{"tileInfo":{"lodNum":2,"modelPath":"Tile_-40956_119484_0000_0003_0000.s3mb","rangeMode":"pixelSizeOnScreen","rangeValue":4.0,"boundingBox":{"min":{"x":-43.11857223510742,"y":-114.62684631347656,"z":5.0},"max":{"x":43.118568420410159,"y":114.62709045410156,"z":24.5}},"children":[{"tileInfo":{"lodNum":3,"modelPath":"Tile_-40956_119484_0000_0002_0000.s3mb","rangeMode":"pixelSizeOnScreen","rangeValue":8.0,"boundingBox":{"min":{"x":-43.11857223510742,"y":-114.62684631347656,"z":5.0},"max":{"x":43.118568420410159,"y":114.62709045410156,"z":24.5}},"children":[{"tileInfo":{"lodNum":4,"modelPath":"Tile_-40956_119484_0000_0001_0000.s3mb","rangeMode":"pixelSizeOnScreen","rangeValue":16.0,"boundingBox":{"min":{"x":-43.11857223510742,"y":-114.62684631347656,"z":5.0},"max":{"x":43.118568420410159,"y":114.62709045410156,"z":24.5}},"children":[{"tileInfo":{"lodNum":5,"modelPath":"Tile_-40956_119484_0000_0000_0000.s3mb","rangeMode":"pixelSizeOnScreen","rangeValue":32.0,"boundingBox":{"min":{"x":-43.11857223510742,"y":-114.62684631347656,"z":5.0},"max":{"x":43.118568420410159,"y":114.62709045410156,"z":24.5}}}}]}}]}}]}}]}}]},"status":{"lodCount":5,"tilesCount":6}}}