{"lodTreeExport":{"name":"Tile_-14623_42672_0000","status":{"lodCount":5,"tilesCount":16},"tileInfo":{"boundingBox":{"max":{"x":1151.609839453175,"y":-31.37544150284565,"z":115.8812654110044},"min":{"x":967.5799763635506,"y":-323.3788745362518,"z":3.879332902670670}},"children":[{"tileInfo":{"boundingBox":{"max":{"x":1000.361126099899,"y":-82.08741653705783,"z":108.1210851915545},"min":{"x":967.5799763635506,"y":-124.8845568457230,"z":4.925442172002041}},"children":[{"tileInfo":{"boundingBox":{"max":{"x":1000.361126099899,"y":-82.08741653705783,"z":108.1210851915545},"min":{"x":967.5799763635506,"y":-124.8845568457230,"z":4.925442172002041}},"children":[{"tileInfo":{"boundingBox":{"max":{"x":1000.361126099899,"y":-82.08741653705783,"z":108.1210851915545},"min":{"x":967.5799763635506,"y":-124.8845568457230,"z":4.925442172002041}},"lodNum":3,"modelPath":"Tile_-14623_42672_0000_0000_0000.s3mb","rangeMode":"pixelSizeOnScreen","rangeValue":8.0}}],"lodNum":2,"modelPath":"Tile_-14623_42672_0000_0001_0000.s3mb","rangeMode":"pixelSizeOnScreen","rangeValue":4.0}}],"lodNum":1,"modelPath":"Tile_-14623_42672_0000_0002_0000.s3mb","rangeMode":"pixelSizeOnScreen","rangeValue":2.0}},{"tileInfo":{"boundingBox":{"max":{"x":1126.844397584380,"y":-259.3170346913881,"z":62.89561718367708},"min":{"x":991.9877687511272,"y":-323.3788745362518,"z":4.915087863255116}},"children":[{"tileInfo":{"boundingBox":{"max":{"x":1126.844397584380,"y":-259.3170346913881,"z":62.89561718367708},"min":{"x":991.9877687511272,"y":-323.3788745362518,"z":4.915087863255116}},"children":[{"tileInfo":{"boundingBox":{"max":{"x":1126.844397584380,"y":-259.3170346913881,"z":62.89561718367708},"min":{"x":991.9877687511272,"y":-323.3788745362518,"z":4.915087863255116}},"lodNum":3,"modelPath":"Tile_-14623_42672_0000_0000_0001.s3mb","rangeMode":"pixelSizeOnScreen","rangeValue":8.0}}],"lodNum":2,"modelPath":"Tile_-14623_42672_0000_0001_0001.s3mb","rangeMode":"pixelSizeOnScreen","rangeValue":4.0}}],"lodNum":1,"modelPath":"Tile_-14623_42672_0000_0002_0001.s3mb","rangeMode":"pixelSizeOnScreen","rangeValue":2.0}},{"tileInfo":{"boundingBox":{"max":{"x":1151.609839453175,"y":-31.37544150284565,"z":115.5716818611517},"min":{"x":1039.544174477603,"y":-129.4430979549194,"z":3.879332902670670}},"children":[{"tileInfo":{"boundingBox":{"max":{"x":1151.609839453175,"y":-31.37544150284565,"z":115.5716818611517},"min":{"x":1039.544174477603,"y":-129.4430979549194,"z":3.879332902670670}},"children":[{"tileInfo":{"boundingBox":{"max":{"x":1151.615348709557,"y":-31.38789746026930,"z":115.5716818611517},"min":{"x":1039.544174477603,"y":-129.4393066449256,"z":3.874800524137448}},"children":[{"tileInfo":{"boundingBox":{"max":{"x":1131.335365141759,"y":-33.75598967615360,"z":115.5716818611517},"min":{"x":1039.544174477603,"y":-125.4532695219538,"z":4.913435954703863}},"lodNum":4,"modelPath":"Tile_-14623_42672_0000_-0001_0002.s3mb","rangeMode":"pixelSizeOnScreen","rangeValue":16.0}},{"tileInfo":{"boundingBox":{"max":{"x":1151.615348709557,"y":-31.38789746026930,"z":49.29307833978697},"min":{"x":1049.205011935980,"y":-129.4393066449256,"z":3.874800524137448}},"lodNum":4,"modelPath":"Tile_-14623_42672_0000_-0001_0003.s3mb","rangeMode":"pixelSizeOnScreen","rangeValue":16.0}},{"tileInfo":{"boundingBox":{"max":{"x":1151.615279053541,"y":-72.61326171893873,"z":48.0965188058340},"min":{"x":1075.482405765511,"y":-127.7998505120752,"z":3.874839728169356}},"lodNum":4,"modelPath":"Tile_-14623_42672_0000_-0001_0004.s3mb","rangeMode":"pixelSizeOnScreen","rangeValue":16.0}}],"lodNum":3,"modelPath":"Tile_-14623_42672_0000_0000_0002.s3mb","rangeMode":"pixelSizeOnScreen","rangeValue":8.0}}],"lodNum":2,"modelPath":"Tile_-14623_42672_0000_0001_0002.s3mb","rangeMode":"pixelSizeOnScreen","rangeValue":4.0}}],"lodNum":1,"modelPath":"Tile_-14623_42672_0000_0002_0002.s3mb","rangeMode":"pixelSizeOnScreen","rangeValue":2.0}},{"tileInfo":{"boundingBox":{"max":{"x":1134.369358465314,"y":-152.7372965766728,"z":115.8812654110044},"min":{"x":1000.805154798411,"y":-207.8536609304526,"z":4.918495120721680}},"children":[{"tileInfo":{"boundingBox":{"max":{"x":1134.369358465314,"y":-152.7372965766728,"z":115.8812654110044},"min":{"x":1000.805154798411,"y":-207.8536609304526,"z":4.918495120721680}},"children":[{"tileInfo":{"boundingBox":{"max":{"x":1134.369358465314,"y":-152.7372965766728,"z":115.8812654110044},"min":{"x":1000.805154798411,"y":-207.8536609304526,"z":4.918495120721680}},"lodNum":3,"modelPath":"Tile_-14623_42672_0000_0000_0003.s3mb","rangeMode":"pixelSizeOnScreen","rangeValue":8.0}}],"lodNum":2,"modelPath":"Tile_-14623_42672_0000_0001_0003.s3mb","rangeMode":"pixelSizeOnScreen","rangeValue":4.0}}],"lodNum":1,"modelPath":"Tile_-14623_42672_0000_0002_0003.s3mb","rangeMode":"pixelSizeOnScreen","rangeValue":2.0}}],"lodNum":0,"modelPath":"Tile_-14623_42672_0000.s3mb","rangeMode":"pixelSizeOnScreen","rangeValue":1.0}}}
