{"lodTreeExport":{"name":"Tile_-14621_42671_0000","status":{"lodCount":5,"tilesCount":12},"tileInfo":{"boundingBox":{"max":{"x":967.2672270017472,"y":-643.9513750892425,"z":94.86683573989720},"min":{"x":648.8473551776147,"y":-932.9840943338709,"z":4.876422199903255}},"children":[{"tileInfo":{"boundingBox":{"max":{"x":846.0893953290162,"y":-643.9513750892425,"z":46.69241726841592},"min":{"x":696.8092447407956,"y":-731.3197145520716,"z":4.92059659234540}},"children":[{"tileInfo":{"boundingBox":{"max":{"x":846.0893953290162,"y":-643.9513750892425,"z":46.69241726841592},"min":{"x":696.8092447407956,"y":-731.3197145520716,"z":4.92059659234540}},"children":[{"tileInfo":{"boundingBox":{"max":{"x":846.0952167149708,"y":-643.9614574028680,"z":46.68627301837620},"min":{"x":696.8025553828375,"y":-731.3076470408505,"z":4.906170304624843}},"children":[{"tileInfo":{"boundingBox":{"max":{"x":845.9108885632087,"y":-643.9614574028680,"z":46.68627301837620},"min":{"x":696.8025553828375,"y":-728.3289072379359,"z":4.923494299379954}},"lodNum":4,"modelPath":"Tile_-14621_42671_0000_-0001_0000.s3mb","rangeMode":"pixelSizeOnScreen","rangeValue":16.0}},{"tileInfo":{"boundingBox":{"max":{"x":846.0952167149708,"y":-701.5015463123937,"z":46.68621202459823},"min":{"x":816.0931788048951,"y":-731.3076470408505,"z":4.906170304624843}},"lodNum":4,"modelPath":"Tile_-14621_42671_0000_-0001_0001.s3mb","rangeMode":"pixelSizeOnScreen","rangeValue":16.0}}],"lodNum":3,"modelPath":"Tile_-14621_42671_0000_0000_0000.s3mb","rangeMode":"pixelSizeOnScreen","rangeValue":8.0}}],"lodNum":2,"modelPath":"Tile_-14621_42671_0000_0001_0000.s3mb","rangeMode":"pixelSizeOnScreen","rangeValue":4.0}}],"lodNum":1,"modelPath":"Tile_-14621_42671_0000_0002_0000.s3mb","rangeMode":"pixelSizeOnScreen","rangeValue":2.0}},{"tileInfo":{"boundingBox":{"max":{"x":846.3341583329062,"y":-829.4177203364782,"z":28.66650909703423},"min":{"x":648.8473551776147,"y":-932.9840943338709,"z":4.89376683018330}},"children":[{"tileInfo":{"boundingBox":{"max":{"x":846.3341583329062,"y":-829.4177203364782,"z":28.66650909703423},"min":{"x":648.8473551776147,"y":-932.9840943338709,"z":4.89376683018330}},"children":[{"tileInfo":{"boundingBox":{"max":{"x":846.3341583329062,"y":-829.4177203364782,"z":28.66650909703423},"min":{"x":648.8473551776147,"y":-932.9840943338709,"z":4.89376683018330}},"lodNum":3,"modelPath":"Tile_-14621_42671_0000_0000_0001.s3mb","rangeMode":"pixelSizeOnScreen","rangeValue":8.0}}],"lodNum":2,"modelPath":"Tile_-14621_42671_0000_0001_0001.s3mb","rangeMode":"pixelSizeOnScreen","rangeValue":4.0}}],"lodNum":1,"modelPath":"Tile_-14621_42671_0000_0002_0001.s3mb","rangeMode":"pixelSizeOnScreen","rangeValue":2.0}},{"tileInfo":{"boundingBox":{"max":{"x":967.2672270017472,"y":-875.2228590195348,"z":94.86683573989720},"min":{"x":865.4379907872354,"y":-911.2224973980381,"z":4.876422199903255}},"children":[{"tileInfo":{"boundingBox":{"max":{"x":967.2672270017472,"y":-875.2228590195348,"z":94.86683573989720},"min":{"x":865.4379907872354,"y":-911.2224973980381,"z":4.876422199903255}},"children":[{"tileInfo":{"boundingBox":{"max":{"x":967.2672270017472,"y":-875.2228590195348,"z":94.86683573989720},"min":{"x":865.4379907872354,"y":-911.2224973980381,"z":4.876422199903255}},"lodNum":3,"modelPath":"Tile_-14621_42671_0000_0000_0002.s3mb","rangeMode":"pixelSizeOnScreen","rangeValue":8.0}}],"lodNum":2,"modelPath":"Tile_-14621_42671_0000_0001_0002.s3mb","rangeMode":"pixelSizeOnScreen","rangeValue":4.0}}],"lodNum":1,"modelPath":"Tile_-14621_42671_0000_0002_0002.s3mb","rangeMode":"pixelSizeOnScreen","rangeValue":2.0}}],"lodNum":0,"modelPath":"Tile_-14621_42671_0000.s3mb","rangeMode":"pixelSizeOnScreen","rangeValue":1.0}}}
