{"lodTreeExport":{"name":"Tile_-40956_119480_0000","tileInfo":{"lodNum":0,"modelPath":"Tile_-40956_119480_0000.s3mb","rangeMode":"pixelSizeOnScreen","rangeValue":1.0,"boundingBox":{"min":{"x":-311.17230224609377,"y":-139.141845703125,"z":5.200000286102295},"max":{"x":311.17230224609377,"y":139.154541015625,"z":6.400030612945557}},"children":[{"tileInfo":{"lodNum":1,"modelPath":"Tile_-40956_119480_0000_0004_0000.s3mb","rangeMode":"pixelSizeOnScreen","rangeValue":2.0,"boundingBox":{"min":{"x":-311.17230224609377,"y":-139.141845703125,"z":5.200000286102295},"max":{"x":311.17230224609377,"y":139.154541015625,"z":6.400030612945557}},"children":[{"tileInfo":{"lodNum":2,"modelPath":"Tile_-40956_119480_0000_0003_0000.s3mb","rangeMode":"pixelSizeOnScreen","rangeValue":4.0,"boundingBox":{"min":{"x":-311.17230224609377,"y":-139.141845703125,"z":5.200000286102295},"max":{"x":311.17230224609377,"y":139.154541015625,"z":6.400030612945557}},"children":[{"tileInfo":{"lodNum":3,"modelPath":"Tile_-40956_119480_0000_0002_0000.s3mb","rangeMode":"pixelSizeOnScreen","rangeValue":8.0,"boundingBox":{"min":{"x":-311.17230224609377,"y":-139.141845703125,"z":5.200000286102295},"max":{"x":311.17230224609377,"y":139.154541015625,"z":6.400030612945557}},"children":[{"tileInfo":{"lodNum":4,"modelPath":"Tile_-40956_119480_0000_0001_0000.s3mb","rangeMode":"pixelSizeOnScreen","rangeValue":16.0,"boundingBox":{"min":{"x":-311.17230224609377,"y":-139.141845703125,"z":5.200000286102295},"max":{"x":311.17230224609377,"y":139.154541015625,"z":6.400030612945557}},"children":[{"tileInfo":{"lodNum":5,"modelPath":"Tile_-40956_119480_0000_0000_0000.s3mb","rangeMode":"pixelSizeOnScreen","rangeValue":32.0,"boundingBox":{"min":{"x":-311.17230224609377,"y":-139.141845703125,"z":5.200000286102295},"max":{"x":311.17230224609377,"y":139.154541015625,"z":6.400030612945557}}}}]}}]}}]}}]}}]},"status":{"lodCount":5,"tilesCount":6}}}