{"lodTreeExport":{"name":"Tile_-14624_42672_0000","status":{"lodCount":4,"tilesCount":4},"tileInfo":{"boundingBox":{"max":{"x":1154.593908461223,"y":121.8182587557828,"z":58.89724237055339},"min":{"x":785.0481224818914,"y":11.04336750353352,"z":4.954586083397487}},"children":[{"tileInfo":{"boundingBox":{"max":{"x":1154.593908461223,"y":121.8182587557828,"z":58.89724237055339},"min":{"x":785.0481224818914,"y":11.04336750353352,"z":4.954586083397487}},"children":[{"tileInfo":{"boundingBox":{"max":{"x":1154.593908461223,"y":121.8182587557828,"z":58.89724237055339},"min":{"x":785.0481224818914,"y":11.04336750353352,"z":4.954586083397487}},"children":[{"tileInfo":{"boundingBox":{"max":{"x":1154.593908461223,"y":121.8182587557828,"z":58.89724237055339},"min":{"x":785.0481224818914,"y":11.04336750353352,"z":4.954586083397487}},"lodNum":3,"modelPath":"Tile_-14624_42672_0000_0000_0000.s3mb","rangeMode":"pixelSizeOnScreen","rangeValue":8.0}}],"lodNum":2,"modelPath":"Tile_-14624_42672_0000_0001_0000.s3mb","rangeMode":"pixelSizeOnScreen","rangeValue":4.0}}],"lodNum":1,"modelPath":"Tile_-14624_42672_0000_0002_0000.s3mb","rangeMode":"pixelSizeOnScreen","rangeValue":2.0}}],"lodNum":0,"modelPath":"Tile_-14624_42672_0000.s3mb","rangeMode":"pixelSizeOnScreen","rangeValue":1.0}}}
