{"lodTreeExport":{"name":"Tile_-14626_42665_0000","status":{"lodCount":5,"tilesCount":9},"tileInfo":{"boundingBox":{"max":{"x":-359.5475548707680,"y":915.7997335947349,"z":121.9307695369506},"min":{"x":-743.8620049086849,"y":630.5747507190407,"z":4.926302119173486}},"children":[{"tileInfo":{"boundingBox":{"max":{"x":-574.7788182447943,"y":750.9684773594661,"z":121.9307695369506},"min":{"x":-743.8620049086849,"y":630.5747507190407,"z":4.926302119173486}},"children":[{"tileInfo":{"boundingBox":{"max":{"x":-574.7788182447943,"y":750.9684773594661,"z":121.9307695369506},"min":{"x":-743.8620049086849,"y":630.5747507190407,"z":4.926302119173486}},"children":[{"tileInfo":{"boundingBox":{"max":{"x":-574.7688946277033,"y":750.9580803685686,"z":121.9307695369506},"min":{"x":-743.8624901670971,"y":630.5752591251237,"z":4.925852046258743}},"children":[{"tileInfo":{"boundingBox":{"max":{"x":-574.7688946277033,"y":750.9580803685686,"z":121.9307695369506},"min":{"x":-743.8624901670971,"y":630.5752591251237,"z":4.925852046258743}},"lodNum":4,"modelPath":"Tile_-14626_42665_0000_-0001_0000.s3mb","rangeMode":"pixelSizeOnScreen","rangeValue":16.0}},{"tileInfo":{"boundingBox":{"max":{"x":-577.2461736848866,"y":748.5178887095653,"z":121.9307695369506},"min":{"x":-741.3848384022606,"y":634.2779788415531,"z":10.04554947510718}},"lodNum":4,"modelPath":"Tile_-14626_42665_0000_-0001_0001.s3mb","rangeMode":"pixelSizeOnScreen","rangeValue":16.0}}],"lodNum":3,"modelPath":"Tile_-14626_42665_0000_0000_0000.s3mb","rangeMode":"pixelSizeOnScreen","rangeValue":8.0}}],"lodNum":2,"modelPath":"Tile_-14626_42665_0000_0001_0000.s3mb","rangeMode":"pixelSizeOnScreen","rangeValue":4.0}}],"lodNum":1,"modelPath":"Tile_-14626_42665_0000_0002_0000.s3mb","rangeMode":"pixelSizeOnScreen","rangeValue":2.0}},{"tileInfo":{"boundingBox":{"max":{"x":-359.5475548707680,"y":915.7997335947349,"z":25.53472205702774},"min":{"x":-572.1405243600922,"y":704.5589320913291,"z":4.937176763900243}},"children":[{"tileInfo":{"boundingBox":{"max":{"x":-359.5475548707680,"y":915.7997335947349,"z":25.53472205702774},"min":{"x":-572.1405243600922,"y":704.5589320913291,"z":4.937176763900243}},"children":[{"tileInfo":{"boundingBox":{"max":{"x":-359.5475548707680,"y":915.7997335947349,"z":25.53472205702774},"min":{"x":-572.1405243600922,"y":704.5589320913291,"z":4.937176763900243}},"lodNum":3,"modelPath":"Tile_-14626_42665_0000_0000_0001.s3mb","rangeMode":"pixelSizeOnScreen","rangeValue":8.0}}],"lodNum":2,"modelPath":"Tile_-14626_42665_0000_0001_0001.s3mb","rangeMode":"pixelSizeOnScreen","rangeValue":4.0}}],"lodNum":1,"modelPath":"Tile_-14626_42665_0000_0002_0001.s3mb","rangeMode":"pixelSizeOnScreen","rangeValue":2.0}}],"lodNum":0,"modelPath":"Tile_-14626_42665_0000.s3mb","rangeMode":"pixelSizeOnScreen","rangeValue":1.0}}}
