{"lodTreeExport":{"name":"Tile_-14624_42666_0000","status":{"lodCount":4,"tilesCount":10},"tileInfo":{"boundingBox":{"max":{"x":-285.5514273470792,"y":284.7080050459686,"z":173.3457944552447},"min":{"x":-448.8913021250937,"y":6.406750129171648,"z":4.981060312941291}},"children":[{"tileInfo":{"boundingBox":{"max":{"x":-290.5532768162987,"y":284.7080050459686,"z":168.4047509932645},"min":{"x":-448.8913021250937,"y":218.1079846456033,"z":4.981060312941291}},"children":[{"tileInfo":{"boundingBox":{"max":{"x":-290.5532768162987,"y":284.7080050459686,"z":168.4047509932645},"min":{"x":-448.8913021250937,"y":218.1079846456033,"z":4.981060312941291}},"children":[{"tileInfo":{"boundingBox":{"max":{"x":-290.5532768162987,"y":284.7080050459686,"z":168.4047509932645},"min":{"x":-448.8913021250937,"y":218.1079846456033,"z":4.981060312941291}},"lodNum":3,"modelPath":"Tile_-14624_42666_0000_0000_0000.s3mb","rangeMode":"pixelSizeOnScreen","rangeValue":8.0}}],"lodNum":2,"modelPath":"Tile_-14624_42666_0000_0001_0000.s3mb","rangeMode":"pixelSizeOnScreen","rangeValue":4.0}}],"lodNum":1,"modelPath":"Tile_-14624_42666_0000_0002_0000.s3mb","rangeMode":"pixelSizeOnScreen","rangeValue":2.0}},{"tileInfo":{"boundingBox":{"max":{"x":-285.5514273470792,"y":172.6720125416741,"z":133.1915201783707},"min":{"x":-355.3215658335974,"y":116.5188546534021,"z":4.989203175936623}},"children":[{"tileInfo":{"boundingBox":{"max":{"x":-285.5514273470792,"y":172.6720125416741,"z":133.1915201783707},"min":{"x":-355.3215658335974,"y":116.5188546534021,"z":4.989203175936623}},"children":[{"tileInfo":{"boundingBox":{"max":{"x":-285.5514273470792,"y":172.6720125416741,"z":133.1915201783707},"min":{"x":-355.3215658335974,"y":116.5188546534021,"z":4.989203175936623}},"lodNum":3,"modelPath":"Tile_-14624_42666_0000_0000_0001.s3mb","rangeMode":"pixelSizeOnScreen","rangeValue":8.0}}],"lodNum":2,"modelPath":"Tile_-14624_42666_0000_0001_0001.s3mb","rangeMode":"pixelSizeOnScreen","rangeValue":4.0}}],"lodNum":1,"modelPath":"Tile_-14624_42666_0000_0002_0001.s3mb","rangeMode":"pixelSizeOnScreen","rangeValue":2.0}},{"tileInfo":{"boundingBox":{"max":{"x":-303.3897452075245,"y":85.42682328596762,"z":173.3457944552447},"min":{"x":-345.9931137588421,"y":6.406750129171648,"z":4.990765956532623}},"children":[{"tileInfo":{"boundingBox":{"max":{"x":-303.3897452075245,"y":85.42682328596762,"z":173.3457944552447},"min":{"x":-345.9931137588421,"y":6.406750129171648,"z":4.990765956532623}},"children":[{"tileInfo":{"boundingBox":{"max":{"x":-303.3897452075245,"y":85.42682328596762,"z":173.3457944552447},"min":{"x":-345.9931137588421,"y":6.406750129171648,"z":4.990765956532623}},"lodNum":3,"modelPath":"Tile_-14624_42666_0000_0000_0002.s3mb","rangeMode":"pixelSizeOnScreen","rangeValue":8.0}}],"lodNum":2,"modelPath":"Tile_-14624_42666_0000_0001_0002.s3mb","rangeMode":"pixelSizeOnScreen","rangeValue":4.0}}],"lodNum":1,"modelPath":"Tile_-14624_42666_0000_0002_0002.s3mb","rangeMode":"pixelSizeOnScreen","rangeValue":2.0}}],"lodNum":0,"modelPath":"Tile_-14624_42666_0000.s3mb","rangeMode":"pixelSizeOnScreen","rangeValue":1.0}}}
