{"lodTreeExport":{"name":"Tile_-14625_42667_0000","status":{"lodCount":4,"tilesCount":4},"tileInfo":{"boundingBox":{"max":{"x":42.41536193958790,"y":423.8339469645728,"z":161.5381165877227},"min":{"x":-148.3068641616821,"y":321.7059781417321,"z":4.991079783993712}},"children":[{"tileInfo":{"boundingBox":{"max":{"x":42.41536193958790,"y":423.8339469645728,"z":161.5381165877227},"min":{"x":-148.3068641616821,"y":321.7059781417321,"z":4.991079783993712}},"children":[{"tileInfo":{"boundingBox":{"max":{"x":42.41536193958790,"y":423.8339469645728,"z":161.5381165877227},"min":{"x":-148.3068641616821,"y":321.7059781417321,"z":4.991079783993712}},"children":[{"tileInfo":{"boundingBox":{"max":{"x":42.41536193958790,"y":423.8339469645728,"z":161.5381165877227},"min":{"x":-148.3068641616821,"y":321.7059781417321,"z":4.991079783993712}},"lodNum":3,"modelPath":"Tile_-14625_42667_0000_0000_0000.s3mb","rangeMode":"pixelSizeOnScreen","rangeValue":8.0}}],"lodNum":2,"modelPath":"Tile_-14625_42667_0000_0001_0000.s3mb","rangeMode":"pixelSizeOnScreen","rangeValue":4.0}}],"lodNum":1,"modelPath":"Tile_-14625_42667_0000_0002_0000.s3mb","rangeMode":"pixelSizeOnScreen","rangeValue":2.0}}],"lodNum":0,"modelPath":"Tile_-14625_42667_0000.s3mb","rangeMode":"pixelSizeOnScreen","rangeValue":1.0}}}
