{"lodTreeExport":{"name":"Tile_-14626_42670_0000","status":{"lodCount":4,"tilesCount":4},"tileInfo":{"boundingBox":{"max":{"x":647.1627097910626,"y":837.9716957155133,"z":24.41307397693695},"min":{"x":478.2425164448688,"y":654.7983325171717,"z":4.945018133168847}},"children":[{"tileInfo":{"boundingBox":{"max":{"x":647.1627097910626,"y":837.9716957155133,"z":24.41307397693695},"min":{"x":478.2425164448688,"y":654.7983325171717,"z":4.945018133168847}},"children":[{"tileInfo":{"boundingBox":{"max":{"x":647.1627097910626,"y":837.9716957155133,"z":24.41307397693695},"min":{"x":478.2425164448688,"y":654.7983325171717,"z":4.945018133168847}},"children":[{"tileInfo":{"boundingBox":{"max":{"x":647.1627097910626,"y":837.9716957155133,"z":24.41307397693695},"min":{"x":478.2425164448688,"y":654.7983325171717,"z":4.945018133168847}},"lodNum":3,"modelPath":"Tile_-14626_42670_0000_0000_0000.s3mb","rangeMode":"pixelSizeOnScreen","rangeValue":8.0}}],"lodNum":2,"modelPath":"Tile_-14626_42670_0000_0001_0000.s3mb","rangeMode":"pixelSizeOnScreen","rangeValue":4.0}}],"lodNum":1,"modelPath":"Tile_-14626_42670_0000_0002_0000.s3mb","rangeMode":"pixelSizeOnScreen","rangeValue":2.0}}],"lodNum":0,"modelPath":"Tile_-14626_42670_0000.s3mb","rangeMode":"pixelSizeOnScreen","rangeValue":1.0}}}
