{"lodTreeExport":{"name":"Tile_-14625_42666_0000","status":{"lodCount":5,"tilesCount":9},"tileInfo":{"boundingBox":{"max":{"x":-349.6826489660072,"y":615.5238575568498,"z":134.854226156270},"min":{"x":-495.1165151442726,"y":342.4229370580242,"z":4.959567887692868}},"children":[{"tileInfo":{"boundingBox":{"max":{"x":-349.6826489660072,"y":615.5238575568498,"z":134.854226156270},"min":{"x":-495.1165151442726,"y":527.2170568124092,"z":4.959567887692868}},"children":[{"tileInfo":{"boundingBox":{"max":{"x":-349.6826489660072,"y":615.5238575568498,"z":134.854226156270},"min":{"x":-495.1165151442726,"y":527.2170568124092,"z":4.959567887692868}},"children":[{"tileInfo":{"boundingBox":{"max":{"x":-349.6826489660072,"y":615.5238575568498,"z":134.854226156270},"min":{"x":-495.1165151442726,"y":527.2170568124092,"z":4.959567887692868}},"lodNum":3,"modelPath":"Tile_-14625_42666_0000_0000_0000.s3mb","rangeMode":"pixelSizeOnScreen","rangeValue":8.0}}],"lodNum":2,"modelPath":"Tile_-14625_42666_0000_0001_0000.s3mb","rangeMode":"pixelSizeOnScreen","rangeValue":4.0}}],"lodNum":1,"modelPath":"Tile_-14625_42666_0000_0002_0000.s3mb","rangeMode":"pixelSizeOnScreen","rangeValue":2.0}},{"tileInfo":{"boundingBox":{"max":{"x":-366.2963460634928,"y":487.6704912333441,"z":103.1526863806340},"min":{"x":-491.0005695638095,"y":342.4229370580242,"z":4.972642623740798}},"children":[{"tileInfo":{"boundingBox":{"max":{"x":-366.2963460634928,"y":487.6704912333441,"z":103.1526863806340},"min":{"x":-491.0005695638095,"y":342.4229370580242,"z":4.972642623740798}},"children":[{"tileInfo":{"boundingBox":{"max":{"x":-366.2906853435528,"y":487.6707569446185,"z":103.1515678584047},"min":{"x":-491.0014969973530,"y":342.4229370580242,"z":4.971725471870604}},"children":[{"tileInfo":{"boundingBox":{"max":{"x":-366.2906853435528,"y":487.6707569446185,"z":103.1515678584047},"min":{"x":-491.0014969973530,"y":342.4229370580242,"z":4.971725471870604}},"lodNum":4,"modelPath":"Tile_-14625_42666_0000_-0001_0001.s3mb","rangeMode":"pixelSizeOnScreen","rangeValue":16.0}},{"tileInfo":{"boundingBox":{"max":{"x":-392.1492637472776,"y":476.2914526865872,"z":22.23985092247790},"min":{"x":-464.5755103910526,"y":370.8476977886730,"z":18.77264406141322}},"lodNum":4,"modelPath":"Tile_-14625_42666_0000_-0001_0002.s3mb","rangeMode":"pixelSizeOnScreen","rangeValue":16.0}}],"lodNum":3,"modelPath":"Tile_-14625_42666_0000_0000_0001.s3mb","rangeMode":"pixelSizeOnScreen","rangeValue":8.0}}],"lodNum":2,"modelPath":"Tile_-14625_42666_0000_0001_0001.s3mb","rangeMode":"pixelSizeOnScreen","rangeValue":4.0}}],"lodNum":1,"modelPath":"Tile_-14625_42666_0000_0002_0001.s3mb","rangeMode":"pixelSizeOnScreen","rangeValue":2.0}}],"lodNum":0,"modelPath":"Tile_-14625_42666_0000.s3mb","rangeMode":"pixelSizeOnScreen","rangeValue":1.0}}}
