{"lodTreeExport":{"name":"Tile_-14624_42667_0000","status":{"lodCount":5,"tilesCount":7},"tileInfo":{"boundingBox":{"max":{"x":64.68962941567310,"y":240.8420477448933,"z":235.6265481959543},"min":{"x":-145.0344477318193,"y":23.09178196180875,"z":4.999988810176451}},"children":[{"tileInfo":{"boundingBox":{"max":{"x":64.68962941567310,"y":240.8420477448933,"z":235.6265481959543},"min":{"x":-145.0344477318193,"y":23.09178196180875,"z":4.999988810176451}},"children":[{"tileInfo":{"boundingBox":{"max":{"x":64.68962941567310,"y":240.8420477448933,"z":235.6265481959543},"min":{"x":-145.0344477318193,"y":23.09178196180875,"z":4.999988810176451}},"children":[{"tileInfo":{"boundingBox":{"max":{"x":64.68964474961862,"y":240.8421838254423,"z":235.6263676649116},"min":{"x":-145.0344477318193,"y":23.09183291379054,"z":4.998750202898487}},"children":[{"tileInfo":{"boundingBox":{"max":{"x":64.68962941567310,"y":240.8420477448933,"z":230.1421897027471},"min":{"x":-145.0344378454209,"y":23.09183291379054,"z":4.998750202898487}},"lodNum":4,"modelPath":"Tile_-14624_42667_0000_-0001_0000.s3mb","rangeMode":"pixelSizeOnScreen","rangeValue":16.0}},{"tileInfo":{"boundingBox":{"max":{"x":64.68964474961862,"y":240.8421838254423,"z":230.1426143882458},"min":{"x":-101.1417712433071,"y":66.33692873371538,"z":4.999988810176451}},"lodNum":4,"modelPath":"Tile_-14624_42667_0000_-0001_0001.s3mb","rangeMode":"pixelSizeOnScreen","rangeValue":16.0}},{"tileInfo":{"boundingBox":{"max":{"x":64.68922557689946,"y":238.9687181869861,"z":235.6263676649116},"min":{"x":-145.0344477318193,"y":23.09190330068780,"z":5.000085007102931}},"lodNum":4,"modelPath":"Tile_-14624_42667_0000_-0001_0002.s3mb","rangeMode":"pixelSizeOnScreen","rangeValue":16.0}}],"lodNum":3,"modelPath":"Tile_-14624_42667_0000_0000_0000.s3mb","rangeMode":"pixelSizeOnScreen","rangeValue":8.0}}],"lodNum":2,"modelPath":"Tile_-14624_42667_0000_0001_0000.s3mb","rangeMode":"pixelSizeOnScreen","rangeValue":4.0}}],"lodNum":1,"modelPath":"Tile_-14624_42667_0000_0002_0000.s3mb","rangeMode":"pixelSizeOnScreen","rangeValue":2.0}}],"lodNum":0,"modelPath":"Tile_-14624_42667_0000.s3mb","rangeMode":"pixelSizeOnScreen","rangeValue":1.0}}}
