{"lodTreeExport":{"name":"Tile_-40954_119476_0000","tileInfo":{"lodNum":0,"modelPath":"Tile_-40954_119476_0000.s3mb","rangeMode":"pixelSizeOnScreen","rangeValue":1.0,"boundingBox":{"min":{"x":-15.578156471252442,"y":-428.2870788574219,"z":5.000001907348633},"max":{"x":15.578156471252442,"y":428.287109375,"z":28.54900360107422}},"children":[{"tileInfo":{"lodNum":1,"modelPath":"Tile_-40954_119476_0000_0004_0000.s3mb","rangeMode":"pixelSizeOnScreen","rangeValue":2.0,"boundingBox":{"min":{"x":-15.578156471252442,"y":-428.2870788574219,"z":5.000001907348633},"max":{"x":15.578156471252442,"y":428.287109375,"z":28.54900360107422}},"children":[{"tileInfo":{"lodNum":2,"modelPath":"Tile_-40954_119476_0000_0003_0000.s3mb","rangeMode":"pixelSizeOnScreen","rangeValue":4.0,"boundingBox":{"min":{"x":-15.578156471252442,"y":-428.2870788574219,"z":5.000001907348633},"max":{"x":15.578156471252442,"y":428.287109375,"z":28.54900360107422}},"children":[{"tileInfo":{"lodNum":3,"modelPath":"Tile_-40954_119476_0000_0002_0000.s3mb","rangeMode":"pixelSizeOnScreen","rangeValue":8.0,"boundingBox":{"min":{"x":-15.578156471252442,"y":-428.2870788574219,"z":5.000001907348633},"max":{"x":15.578156471252442,"y":428.287109375,"z":28.54900360107422}},"children":[{"tileInfo":{"lodNum":4,"modelPath":"Tile_-40954_119476_0000_0001_0000.s3mb","rangeMode":"pixelSizeOnScreen","rangeValue":16.0,"boundingBox":{"min":{"x":-15.578156471252442,"y":-428.2870788574219,"z":5.000001907348633},"max":{"x":15.578156471252442,"y":428.287109375,"z":28.54900360107422}},"children":[{"tileInfo":{"lodNum":5,"modelPath":"Tile_-40954_119476_0000_0000_0000.s3mb","rangeMode":"pixelSizeOnScreen","rangeValue":32.0,"boundingBox":{"min":{"x":-15.578156471252442,"y":-428.2870788574219,"z":5.000001907348633},"max":{"x":15.578156471252442,"y":428.287109375,"z":28.54900360107422}}}}]}}]}}]}}]}}]},"status":{"lodCount":5,"tilesCount":6}}}