{"lodTreeExport":{"name":"Tile_-14625_42663_0000","status":{"lodCount":5,"tilesCount":22},"tileInfo":{"boundingBox":{"max":{"x":-928.0275890086458,"y":604.1309900932292,"z":145.5892642619026},"min":{"x":-1162.453041190817,"y":247.3232126482679,"z":4.517322734904720}},"children":[{"tileInfo":{"boundingBox":{"max":{"x":-1056.365732483707,"y":598.8683692004751,"z":145.5892642619026},"min":{"x":-1162.453041190817,"y":414.8750572374354,"z":4.880666835606465}},"children":[{"tileInfo":{"boundingBox":{"max":{"x":-1056.365732483707,"y":598.8683692004751,"z":145.5892642619026},"min":{"x":-1162.453041190817,"y":414.8750572374354,"z":4.880666835606465}},"children":[{"tileInfo":{"boundingBox":{"max":{"x":-1056.357193100938,"y":598.8606985715651,"z":145.5960438107253},"min":{"x":-1162.453041190817,"y":414.8664767788396,"z":4.873486551419570}},"children":[{"tileInfo":{"boundingBox":{"max":{"x":-1056.365750117475,"y":598.7466651005741,"z":145.5960438107253},"min":{"x":-1162.453041190817,"y":414.8764400018332,"z":4.873486551419570}},"lodNum":4,"modelPath":"Tile_-14625_42663_0000_-0001_0000.s3mb","rangeMode":"pixelSizeOnScreen","rangeValue":16.0}},{"tileInfo":{"boundingBox":{"max":{"x":-1056.357193100938,"y":598.8606985715651,"z":39.74805384391931},"min":{"x":-1152.821433529304,"y":414.8664767788396,"z":4.873497771738877}},"lodNum":4,"modelPath":"Tile_-14625_42663_0000_-0001_0001.s3mb","rangeMode":"pixelSizeOnScreen","rangeValue":16.0}}],"lodNum":3,"modelPath":"Tile_-14625_42663_0000_0000_0000.s3mb","rangeMode":"pixelSizeOnScreen","rangeValue":8.0}}],"lodNum":2,"modelPath":"Tile_-14625_42663_0000_0001_0000.s3mb","rangeMode":"pixelSizeOnScreen","rangeValue":4.0}}],"lodNum":1,"modelPath":"Tile_-14625_42663_0000_0002_0000.s3mb","rangeMode":"pixelSizeOnScreen","rangeValue":2.0}},{"tileInfo":{"boundingBox":{"max":{"x":-934.5735972272329,"y":390.6666947702569,"z":117.9209344531873},"min":{"x":-1155.588782472687,"y":247.3232126482679,"z":4.517322734904720}},"children":[{"tileInfo":{"boundingBox":{"max":{"x":-934.5735972272329,"y":390.6666947702569,"z":117.9209344531873},"min":{"x":-1155.588782472687,"y":247.3232126482679,"z":4.517322734904720}},"children":[{"tileInfo":{"boundingBox":{"max":{"x":-934.5606903619871,"y":390.6677064768583,"z":117.9197249933201},"min":{"x":-1155.587473146270,"y":247.3013808140297,"z":4.517322734904720}},"children":[{"tileInfo":{"boundingBox":{"max":{"x":-993.4135542459825,"y":379.4443025095272,"z":44.03417300153795},"min":{"x":-1152.673212008620,"y":313.6302146171945,"z":4.517322734904720}},"lodNum":4,"modelPath":"Tile_-14625_42663_0000_-0001_0002.s3mb","rangeMode":"pixelSizeOnScreen","rangeValue":16.0}},{"tileInfo":{"boundingBox":{"max":{"x":-934.5606903619871,"y":390.6677064768583,"z":117.9197249933201},"min":{"x":-1155.587473146270,"y":247.6322970104762,"z":4.886746416486937}},"lodNum":4,"modelPath":"Tile_-14625_42663_0000_-0001_0003.s3mb","rangeMode":"pixelSizeOnScreen","rangeValue":16.0}},{"tileInfo":{"boundingBox":{"max":{"x":-941.5410650300852,"y":390.6632805897193,"z":110.5202875292570},"min":{"x":-996.3103666125644,"y":247.3013808140297,"z":4.917987254901264}},"lodNum":4,"modelPath":"Tile_-14625_42663_0000_-0001_0004.s3mb","rangeMode":"pixelSizeOnScreen","rangeValue":16.0}}],"lodNum":3,"modelPath":"Tile_-14625_42663_0000_0000_0001.s3mb","rangeMode":"pixelSizeOnScreen","rangeValue":8.0}}],"lodNum":2,"modelPath":"Tile_-14625_42663_0000_0001_0001.s3mb","rangeMode":"pixelSizeOnScreen","rangeValue":4.0}}],"lodNum":1,"modelPath":"Tile_-14625_42663_0000_0002_0001.s3mb","rangeMode":"pixelSizeOnScreen","rangeValue":2.0}},{"tileInfo":{"boundingBox":{"max":{"x":-928.0275890086458,"y":604.1309900932292,"z":140.6084450221492},"min":{"x":-1021.973350429953,"y":400.9824045048348,"z":4.906257111649929}},"children":[{"tileInfo":{"boundingBox":{"max":{"x":-980.5181699720580,"y":513.7806425023796,"z":140.6084450221492},"min":{"x":-1020.545816197660,"y":400.9824045048348,"z":5.768051521003258}},"children":[{"tileInfo":{"boundingBox":{"max":{"x":-980.5181699720580,"y":513.7806425023796,"z":140.6084450221492},"min":{"x":-1020.545816197660,"y":400.9824045048348,"z":5.768051521003258}},"lodNum":3,"modelPath":"Tile_-14625_42663_0000_0000_0002.s3mb","rangeMode":"pixelSizeOnScreen","rangeValue":8.0}}],"lodNum":2,"modelPath":"Tile_-14625_42663_0000_0001_0002.s3mb","rangeMode":"pixelSizeOnScreen","rangeValue":4.0}},{"tileInfo":{"boundingBox":{"max":{"x":-928.0275890086458,"y":604.1309900932292,"z":135.3793624796170},"min":{"x":-1021.973350429953,"y":404.1972947422215,"z":4.906257111649929}},"children":[{"tileInfo":{"boundingBox":{"max":{"x":-928.0297207681792,"y":604.1309068629614,"z":135.3867336332068},"min":{"x":-1021.974127190321,"y":404.1972375743511,"z":4.906271006487881}},"children":[{"tileInfo":{"boundingBox":{"max":{"x":-928.0297207681792,"y":604.1309068629614,"z":134.3267300228031},"min":{"x":-1021.974127190321,"y":404.1972375743511,"z":4.906271006487881}},"lodNum":4,"modelPath":"Tile_-14625_42663_0000_-0001_0006.s3mb","rangeMode":"pixelSizeOnScreen","rangeValue":16.0}},{"tileInfo":{"boundingBox":{"max":{"x":-935.6787526656219,"y":604.1309068629614,"z":135.3867336332068},"min":{"x":-970.4429888297337,"y":404.4932922653198,"z":20.26883453034350}},"lodNum":4,"modelPath":"Tile_-14625_42663_0000_-0001_0007.s3mb","rangeMode":"pixelSizeOnScreen","rangeValue":16.0}}],"lodNum":3,"modelPath":"Tile_-14625_42663_0000_0000_0003.s3mb","rangeMode":"pixelSizeOnScreen","rangeValue":8.0}}],"lodNum":2,"modelPath":"Tile_-14625_42663_0000_0001_0003.s3mb","rangeMode":"pixelSizeOnScreen","rangeValue":4.0}}],"lodNum":1,"modelPath":"Tile_-14625_42663_0000_0002_0002.s3mb","rangeMode":"pixelSizeOnScreen","rangeValue":2.0}},{"tileInfo":{"boundingBox":{"max":{"x":-943.7908491004031,"y":379.5397751159803,"z":114.4249781108333},"min":{"x":-994.2572642678413,"y":247.7931350074081,"z":110.5180968008333}},"children":[{"tileInfo":{"boundingBox":{"max":{"x":-943.7908491004031,"y":379.5397751159803,"z":114.4249781108333},"min":{"x":-994.2572642678413,"y":247.7931350074081,"z":110.5180968008333}},"children":[{"tileInfo":{"boundingBox":{"max":{"x":-943.7908491004031,"y":379.5397751159803,"z":114.4249781108333},"min":{"x":-994.2572642678413,"y":247.7931350074081,"z":110.5180968008333}},"lodNum":3,"modelPath":"Tile_-14625_42663_0000_0000_0004.s3mb","rangeMode":"pixelSizeOnScreen","rangeValue":8.0}}],"lodNum":2,"modelPath":"Tile_-14625_42663_0000_0001_0004.s3mb","rangeMode":"pixelSizeOnScreen","rangeValue":4.0}}],"lodNum":1,"modelPath":"Tile_-14625_42663_0000_0002_0003.s3mb","rangeMode":"pixelSizeOnScreen","rangeValue":2.0}}],"lodNum":0,"modelPath":"Tile_-14625_42663_0000.s3mb","rangeMode":"pixelSizeOnScreen","rangeValue":1.0}}}
