{"lodTreeExport":{"name":"Tile_-14622_42670_0000","status":{"lodCount":5,"tilesCount":12},"tileInfo":{"boundingBox":{"max":{"x":758.2777485887618,"y":-261.1803934111885,"z":142.4959601586966},"min":{"x":496.2057651894801,"y":-522.2607453102316,"z":4.952484599589170}},"children":[{"tileInfo":{"boundingBox":{"max":{"x":640.1139736294444,"y":-261.1803934111885,"z":105.9633290390782},"min":{"x":496.2057651894801,"y":-416.4033783060389,"z":4.967847828693255}},"children":[{"tileInfo":{"boundingBox":{"max":{"x":640.1139736294444,"y":-261.1803934111885,"z":105.9633290390782},"min":{"x":496.2057651894801,"y":-416.4033783060389,"z":4.967847828693255}},"children":[{"tileInfo":{"boundingBox":{"max":{"x":640.1140481400289,"y":-261.1803934111885,"z":105.9633290390782},"min":{"x":496.1973726910155,"y":-416.4033783070871,"z":4.958490404319716}},"children":[{"tileInfo":{"boundingBox":{"max":{"x":640.1140481400289,"y":-261.1803934111885,"z":105.9633290390782},"min":{"x":496.2785963886013,"y":-409.5580005361140,"z":4.958490404319716}},"lodNum":4,"modelPath":"Tile_-14622_42670_0000_-0001_0000.s3mb","rangeMode":"pixelSizeOnScreen","rangeValue":16.0}},{"tileInfo":{"boundingBox":{"max":{"x":640.1115897079662,"y":-284.6245189612857,"z":84.88826997786907},"min":{"x":496.1973726910155,"y":-416.4033783070871,"z":4.967866902179479}},"lodNum":4,"modelPath":"Tile_-14622_42670_0000_-0001_0001.s3mb","rangeMode":"pixelSizeOnScreen","rangeValue":16.0}}],"lodNum":3,"modelPath":"Tile_-14622_42670_0000_0000_0000.s3mb","rangeMode":"pixelSizeOnScreen","rangeValue":8.0}}],"lodNum":2,"modelPath":"Tile_-14622_42670_0000_0001_0000.s3mb","rangeMode":"pixelSizeOnScreen","rangeValue":4.0}}],"lodNum":1,"modelPath":"Tile_-14622_42670_0000_0002_0000.s3mb","rangeMode":"pixelSizeOnScreen","rangeValue":2.0}},{"tileInfo":{"boundingBox":{"max":{"x":758.2777485887618,"y":-296.6577652220890,"z":93.94845148978378},"min":{"x":664.7057323837826,"y":-411.9472801538941,"z":4.952484599589170}},"children":[{"tileInfo":{"boundingBox":{"max":{"x":758.2777485887618,"y":-296.6577652220890,"z":93.94845148978378},"min":{"x":664.7057323837826,"y":-411.9472801538941,"z":4.952484599589170}},"children":[{"tileInfo":{"boundingBox":{"max":{"x":758.2777485887618,"y":-296.6577652220890,"z":93.94845148978378},"min":{"x":664.7057323837826,"y":-411.9472801538941,"z":4.952484599589170}},"lodNum":3,"modelPath":"Tile_-14622_42670_0000_0000_0001.s3mb","rangeMode":"pixelSizeOnScreen","rangeValue":8.0}}],"lodNum":2,"modelPath":"Tile_-14622_42670_0000_0001_0001.s3mb","rangeMode":"pixelSizeOnScreen","rangeValue":4.0}}],"lodNum":1,"modelPath":"Tile_-14622_42670_0000_0002_0001.s3mb","rangeMode":"pixelSizeOnScreen","rangeValue":2.0}},{"tileInfo":{"boundingBox":{"max":{"x":753.8494102763477,"y":-446.1332235602108,"z":142.4959601586966},"min":{"x":501.3516934657237,"y":-522.2607453102316,"z":4.960267015871589}},"children":[{"tileInfo":{"boundingBox":{"max":{"x":753.8494102763477,"y":-446.1332235602108,"z":142.4959601586966},"min":{"x":501.3516934657237,"y":-522.2607453102316,"z":4.960267015871589}},"children":[{"tileInfo":{"boundingBox":{"max":{"x":753.8494102763477,"y":-446.1332235602108,"z":142.4959601586966},"min":{"x":501.3516934657237,"y":-522.2607453102316,"z":4.960267015871589}},"lodNum":3,"modelPath":"Tile_-14622_42670_0000_0000_0002.s3mb","rangeMode":"pixelSizeOnScreen","rangeValue":8.0}}],"lodNum":2,"modelPath":"Tile_-14622_42670_0000_0001_0002.s3mb","rangeMode":"pixelSizeOnScreen","rangeValue":4.0}}],"lodNum":1,"modelPath":"Tile_-14622_42670_0000_0002_0002.s3mb","rangeMode":"pixelSizeOnScreen","rangeValue":2.0}}],"lodNum":0,"modelPath":"Tile_-14622_42670_0000.s3mb","rangeMode":"pixelSizeOnScreen","rangeValue":1.0}}}
