{"lodTreeExport":{"name":"Tile_-14622_42664_0000","status":{"lodCount":4,"tilesCount":10},"tileInfo":{"boundingBox":{"max":{"x":-674.8596862239511,"y":-211.7143091721864,"z":56.91990420278928},"min":{"x":-1068.504857706639,"y":-538.2513485962745,"z":4.896904282861303}},"children":[{"tileInfo":{"boundingBox":{"max":{"x":-739.6106100439587,"y":-211.7143091721864,"z":24.45698504710951},"min":{"x":-1068.504857706639,"y":-465.2174024774754,"z":4.896904282861303}},"children":[{"tileInfo":{"boundingBox":{"max":{"x":-739.6106100439587,"y":-211.7143091721864,"z":24.45698504710951},"min":{"x":-1068.504857706639,"y":-465.2174024774754,"z":4.896904282861303}},"children":[{"tileInfo":{"boundingBox":{"max":{"x":-739.6106100439587,"y":-211.7143091721864,"z":24.45698504710951},"min":{"x":-1068.504857706639,"y":-465.2174024774754,"z":4.896904282861303}},"lodNum":3,"modelPath":"Tile_-14622_42664_0000_0000_0000.s3mb","rangeMode":"pixelSizeOnScreen","rangeValue":8.0}}],"lodNum":2,"modelPath":"Tile_-14622_42664_0000_0001_0000.s3mb","rangeMode":"pixelSizeOnScreen","rangeValue":4.0}}],"lodNum":1,"modelPath":"Tile_-14622_42664_0000_0002_0000.s3mb","rangeMode":"pixelSizeOnScreen","rangeValue":2.0}},{"tileInfo":{"boundingBox":{"max":{"x":-745.4559109357010,"y":-508.6313992840657,"z":56.91990420278928},"min":{"x":-882.5335205151212,"y":-528.2155813148509,"z":4.917445929091334}},"children":[{"tileInfo":{"boundingBox":{"max":{"x":-745.4559109357010,"y":-508.6313992840657,"z":56.91990420278928},"min":{"x":-882.5335205151212,"y":-528.2155813148509,"z":4.917445929091334}},"children":[{"tileInfo":{"boundingBox":{"max":{"x":-745.4559109357010,"y":-508.6313992840657,"z":56.91990420278928},"min":{"x":-882.5335205151212,"y":-528.2155813148509,"z":4.917445929091334}},"lodNum":3,"modelPath":"Tile_-14622_42664_0000_0000_0001.s3mb","rangeMode":"pixelSizeOnScreen","rangeValue":8.0}}],"lodNum":2,"modelPath":"Tile_-14622_42664_0000_0001_0001.s3mb","rangeMode":"pixelSizeOnScreen","rangeValue":4.0}}],"lodNum":1,"modelPath":"Tile_-14622_42664_0000_0002_0001.s3mb","rangeMode":"pixelSizeOnScreen","rangeValue":2.0}},{"tileInfo":{"boundingBox":{"max":{"x":-674.8596862239511,"y":-505.7645671729118,"z":28.94430864843634},"min":{"x":-721.8525299533833,"y":-538.2513485962745,"z":4.936504269650320}},"children":[{"tileInfo":{"boundingBox":{"max":{"x":-674.8596862239511,"y":-505.7645671729118,"z":28.94430864843634},"min":{"x":-721.8525299533833,"y":-538.2513485962745,"z":4.936504269650320}},"children":[{"tileInfo":{"boundingBox":{"max":{"x":-674.8596862239511,"y":-505.7645671729118,"z":28.94430864843634},"min":{"x":-721.8525299533833,"y":-538.2513485962745,"z":4.936504269650320}},"lodNum":3,"modelPath":"Tile_-14622_42664_0000_0000_0002.s3mb","rangeMode":"pixelSizeOnScreen","rangeValue":8.0}}],"lodNum":2,"modelPath":"Tile_-14622_42664_0000_0001_0002.s3mb","rangeMode":"pixelSizeOnScreen","rangeValue":4.0}}],"lodNum":1,"modelPath":"Tile_-14622_42664_0000_0002_0002.s3mb","rangeMode":"pixelSizeOnScreen","rangeValue":2.0}}],"lodNum":0,"modelPath":"Tile_-14622_42664_0000.s3mb","rangeMode":"pixelSizeOnScreen","rangeValue":1.0}}}
