{"lodTreeExport":{"name":"Tile_-14621_42664_0000","status":{"lodCount":5,"tilesCount":12},"tileInfo":{"boundingBox":{"max":{"x":-745.8365582268372,"y":-642.5591617806828,"z":119.3523143355472},"min":{"x":-881.3016015170413,"y":-1017.171979283761,"z":4.337408063936380}},"children":[{"tileInfo":{"boundingBox":{"max":{"x":-745.8365582268372,"y":-642.5591617806828,"z":98.28336034767085},"min":{"x":-878.3846729140623,"y":-756.6941237866134,"z":4.895023996947160}},"children":[{"tileInfo":{"boundingBox":{"max":{"x":-754.2969231574866,"y":-642.5591617806828,"z":98.28336034767085},"min":{"x":-874.5020131077368,"y":-686.2070081106627,"z":4.903461116891484}},"children":[{"tileInfo":{"boundingBox":{"max":{"x":-754.2969231574866,"y":-642.5591617806828,"z":98.28336034767085},"min":{"x":-874.5020131077368,"y":-686.2070081106627,"z":4.903461116891484}},"lodNum":3,"modelPath":"Tile_-14621_42664_0000_0000_0000.s3mb","rangeMode":"pixelSizeOnScreen","rangeValue":8.0}}],"lodNum":2,"modelPath":"Tile_-14621_42664_0000_0001_0000.s3mb","rangeMode":"pixelSizeOnScreen","rangeValue":4.0}},{"tileInfo":{"boundingBox":{"max":{"x":-745.8365582268372,"y":-709.6998770110089,"z":27.17169799891833},"min":{"x":-878.3846729140623,"y":-756.6941237866134,"z":4.895023996947160}},"children":[{"tileInfo":{"boundingBox":{"max":{"x":-745.8365582268372,"y":-709.6998770110089,"z":27.17169799891833},"min":{"x":-878.3846729140623,"y":-756.6941237866134,"z":4.895023996947160}},"lodNum":3,"modelPath":"Tile_-14621_42664_0000_0000_0001.s3mb","rangeMode":"pixelSizeOnScreen","rangeValue":8.0}}],"lodNum":2,"modelPath":"Tile_-14621_42664_0000_0001_0001.s3mb","rangeMode":"pixelSizeOnScreen","rangeValue":4.0}}],"lodNum":1,"modelPath":"Tile_-14621_42664_0000_0002_0000.s3mb","rangeMode":"pixelSizeOnScreen","rangeValue":2.0}},{"tileInfo":{"boundingBox":{"max":{"x":-750.8224962450330,"y":-824.7007238503372,"z":119.3523143355472},"min":{"x":-881.3016015170413,"y":-1017.171979283761,"z":4.337408063936380}},"children":[{"tileInfo":{"boundingBox":{"max":{"x":-750.8224962450330,"y":-824.7007238503372,"z":119.3523143355472},"min":{"x":-881.3016015170413,"y":-1017.171979283761,"z":4.337408063936380}},"children":[{"tileInfo":{"boundingBox":{"max":{"x":-750.8224962450330,"y":-824.7006214153061,"z":119.3523143355472},"min":{"x":-881.3024781822815,"y":-1017.172968611884,"z":4.337408063936380}},"children":[{"tileInfo":{"boundingBox":{"max":{"x":-753.4088677842119,"y":-830.5901078130603,"z":119.3523143355472},"min":{"x":-869.8650268900051,"y":-1009.171834074712,"z":4.337408063936380}},"lodNum":4,"modelPath":"Tile_-14621_42664_0000_-0001_0002.s3mb","rangeMode":"pixelSizeOnScreen","rangeValue":16.0}},{"tileInfo":{"boundingBox":{"max":{"x":-750.8224962450330,"y":-824.7007238503372,"z":15.75167242156586},"min":{"x":-881.3024781822815,"y":-1017.172968611884,"z":4.859481671893238}},"lodNum":4,"modelPath":"Tile_-14621_42664_0000_-0001_0003.s3mb","rangeMode":"pixelSizeOnScreen","rangeValue":16.0}},{"tileInfo":{"boundingBox":{"max":{"x":-751.7797105871877,"y":-824.7006214153061,"z":15.75154996406782},"min":{"x":-881.3016015170413,"y":-1017.171979283761,"z":4.859071142949997}},"lodNum":4,"modelPath":"Tile_-14621_42664_0000_-0001_0004.s3mb","rangeMode":"pixelSizeOnScreen","rangeValue":16.0}}],"lodNum":3,"modelPath":"Tile_-14621_42664_0000_0000_0002.s3mb","rangeMode":"pixelSizeOnScreen","rangeValue":8.0}}],"lodNum":2,"modelPath":"Tile_-14621_42664_0000_0001_0002.s3mb","rangeMode":"pixelSizeOnScreen","rangeValue":4.0}}],"lodNum":1,"modelPath":"Tile_-14621_42664_0000_0002_0001.s3mb","rangeMode":"pixelSizeOnScreen","rangeValue":2.0}}],"lodNum":0,"modelPath":"Tile_-14621_42664_0000.s3mb","rangeMode":"pixelSizeOnScreen","rangeValue":1.0}}}
