{"lodTreeExport":{"name":"Tile_-14623_42663_0000","status":{"lodCount":5,"tilesCount":17},"tileInfo":{"boundingBox":{"max":{"x":-741.8140765052076,"y":-49.07691207902145,"z":99.00840933554079},"min":{"x":-1162.588780816103,"y":-467.3537106205245,"z":4.882313394865771}},"children":[{"tileInfo":{"boundingBox":{"max":{"x":-1089.835581416526,"y":-49.07691207902145,"z":51.30697341984394},"min":{"x":-1162.588780816103,"y":-140.2101691153283,"z":4.892768796844862}},"children":[{"tileInfo":{"boundingBox":{"max":{"x":-1089.835581416526,"y":-49.07691207902145,"z":51.30697341984394},"min":{"x":-1162.588780816103,"y":-140.2101691153283,"z":4.892768796844862}},"children":[{"tileInfo":{"boundingBox":{"max":{"x":-1089.835581416526,"y":-49.07691207902145,"z":51.30697341984394},"min":{"x":-1162.588780816103,"y":-140.2101691153283,"z":4.892768796844862}},"lodNum":3,"modelPath":"Tile_-14623_42663_0000_0000_0000.s3mb","rangeMode":"pixelSizeOnScreen","rangeValue":8.0}}],"lodNum":2,"modelPath":"Tile_-14623_42663_0000_0001_0000.s3mb","rangeMode":"pixelSizeOnScreen","rangeValue":4.0}}],"lodNum":1,"modelPath":"Tile_-14623_42663_0000_0002_0000.s3mb","rangeMode":"pixelSizeOnScreen","rangeValue":2.0}},{"tileInfo":{"boundingBox":{"max":{"x":-988.4049759627591,"y":-252.5159980669768,"z":58.91925298251880},"min":{"x":-1154.369817948755,"y":-375.4968638191402,"z":4.885315485913015}},"children":[{"tileInfo":{"boundingBox":{"max":{"x":-988.4049759627591,"y":-252.5159980669768,"z":58.91925298251880},"min":{"x":-1154.369817948755,"y":-375.4968638191402,"z":4.885315485913015}},"children":[{"tileInfo":{"boundingBox":{"max":{"x":-988.4049759627591,"y":-252.5159980669768,"z":58.91925298251880},"min":{"x":-1154.369817948755,"y":-375.4968638191402,"z":4.885315485913015}},"lodNum":3,"modelPath":"Tile_-14623_42663_0000_0000_0001.s3mb","rangeMode":"pixelSizeOnScreen","rangeValue":8.0}}],"lodNum":2,"modelPath":"Tile_-14623_42663_0000_0001_0001.s3mb","rangeMode":"pixelSizeOnScreen","rangeValue":4.0}}],"lodNum":1,"modelPath":"Tile_-14623_42663_0000_0002_0001.s3mb","rangeMode":"pixelSizeOnScreen","rangeValue":2.0}},{"tileInfo":{"boundingBox":{"max":{"x":-936.7644990020314,"y":-58.67364092385692,"z":99.00840933554079},"min":{"x":-1086.712215324425,"y":-165.3859584463081,"z":4.905720965173403}},"children":[{"tileInfo":{"boundingBox":{"max":{"x":-936.7644990020314,"y":-58.67364092385692,"z":70.35551518353964},"min":{"x":-1081.151829466342,"y":-116.1445434667623,"z":4.907779641016582}},"children":[{"tileInfo":{"boundingBox":{"max":{"x":-936.7573134009108,"y":-58.66995398676801,"z":70.34979464236385},"min":{"x":-1081.159442849698,"y":-116.1600503510769,"z":4.908011606947211}},"children":[{"tileInfo":{"boundingBox":{"max":{"x":-936.7573134009108,"y":-58.66995398676801,"z":70.34979464236385},"min":{"x":-1081.159442849698,"y":-116.1600503510769,"z":4.908011606947211}},"lodNum":4,"modelPath":"Tile_-14623_42663_0000_-0001_0002.s3mb","rangeMode":"pixelSizeOnScreen","rangeValue":16.0}},{"tileInfo":{"boundingBox":{"max":{"x":-972.7965762556365,"y":-60.19183365227057,"z":70.06604204807765},"min":{"x":-1081.149593180812,"y":-99.24404617978416,"z":4.908011606947211}},"lodNum":4,"modelPath":"Tile_-14623_42663_0000_-0001_0003.s3mb","rangeMode":"pixelSizeOnScreen","rangeValue":16.0}}],"lodNum":3,"modelPath":"Tile_-14623_42663_0000_0000_0002.s3mb","rangeMode":"pixelSizeOnScreen","rangeValue":8.0}}],"lodNum":2,"modelPath":"Tile_-14623_42663_0000_0001_0002.s3mb","rangeMode":"pixelSizeOnScreen","rangeValue":4.0}},{"tileInfo":{"boundingBox":{"max":{"x":-936.8126786637757,"y":-143.0669090430002,"z":99.00840933554079},"min":{"x":-1086.712215324425,"y":-165.3859584463081,"z":4.905720965173403}},"children":[{"tileInfo":{"boundingBox":{"max":{"x":-936.8126786637757,"y":-143.0669090430002,"z":99.00840933554079},"min":{"x":-1086.712215324425,"y":-165.3859584463081,"z":4.905720965173403}},"lodNum":3,"modelPath":"Tile_-14623_42663_0000_0000_0003.s3mb","rangeMode":"pixelSizeOnScreen","rangeValue":8.0}}],"lodNum":2,"modelPath":"Tile_-14623_42663_0000_0001_0003.s3mb","rangeMode":"pixelSizeOnScreen","rangeValue":4.0}}],"lodNum":1,"modelPath":"Tile_-14623_42663_0000_0002_0002.s3mb","rangeMode":"pixelSizeOnScreen","rangeValue":2.0}},{"tileInfo":{"boundingBox":{"max":{"x":-741.8140765052076,"y":-158.2305631788091,"z":20.09395472008643},"min":{"x":-1161.919433680577,"y":-467.3537106205245,"z":4.882313394865771}},"children":[{"tileInfo":{"boundingBox":{"max":{"x":-741.8140765052076,"y":-158.2305631788091,"z":20.09395472008643},"min":{"x":-1161.919433680577,"y":-467.3537106205245,"z":4.882313394865771}},"children":[{"tileInfo":{"boundingBox":{"max":{"x":-741.8140765052076,"y":-158.2305631788091,"z":20.09395472008643},"min":{"x":-1161.919433680577,"y":-467.3537106205245,"z":4.882313394865771}},"lodNum":3,"modelPath":"Tile_-14623_42663_0000_0000_0004.s3mb","rangeMode":"pixelSizeOnScreen","rangeValue":8.0}}],"lodNum":2,"modelPath":"Tile_-14623_42663_0000_0001_0004.s3mb","rangeMode":"pixelSizeOnScreen","rangeValue":4.0}}],"lodNum":1,"modelPath":"Tile_-14623_42663_0000_0002_0003.s3mb","rangeMode":"pixelSizeOnScreen","rangeValue":2.0}}],"lodNum":0,"modelPath":"Tile_-14623_42663_0000.s3mb","rangeMode":"pixelSizeOnScreen","rangeValue":1.0}}}
