{"lodTreeExport":{"name":"Tile_-14621_42670_0000","status":{"lodCount":5,"tilesCount":23},"tileInfo":{"boundingBox":{"max":{"x":721.6731350224353,"y":-653.0962289093516,"z":106.5890921188062},"min":{"x":435.5402385870484,"y":-917.5593874728503,"z":4.901626091952384}},"children":[{"tileInfo":{"boundingBox":{"max":{"x":609.2958574587941,"y":-749.8092359696744,"z":39.72796671270795},"min":{"x":435.5402385870484,"y":-917.5593874728503,"z":4.920257156417140}},"children":[{"tileInfo":{"boundingBox":{"max":{"x":609.2958574587941,"y":-749.8092359696744,"z":39.72796671270795},"min":{"x":435.5402385870484,"y":-917.5593874728503,"z":4.920257156417140}},"children":[{"tileInfo":{"boundingBox":{"max":{"x":609.2958574587941,"y":-749.8092359696744,"z":39.72796671270795},"min":{"x":435.5402385870484,"y":-917.5593874728503,"z":4.920257156417140}},"lodNum":3,"modelPath":"Tile_-14621_42670_0000_0000_0000.s3mb","rangeMode":"pixelSizeOnScreen","rangeValue":8.0}}],"lodNum":2,"modelPath":"Tile_-14621_42670_0000_0001_0000.s3mb","rangeMode":"pixelSizeOnScreen","rangeValue":4.0}}],"lodNum":1,"modelPath":"Tile_-14621_42670_0000_0002_0000.s3mb","rangeMode":"pixelSizeOnScreen","rangeValue":2.0}},{"tileInfo":{"boundingBox":{"max":{"x":721.6731350224353,"y":-653.0962289093516,"z":106.5890921188062},"min":{"x":556.2141743962765,"y":-827.4555324314914,"z":4.908694714467618}},"children":[{"tileInfo":{"boundingBox":{"max":{"x":671.3202407390979,"y":-655.1394386192105,"z":106.5890921188062},"min":{"x":556.2141743962765,"y":-704.0322609924457,"z":4.937197543650023}},"children":[{"tileInfo":{"boundingBox":{"max":{"x":671.3202407390979,"y":-655.1394386192105,"z":106.5890921188062},"min":{"x":556.2141743962765,"y":-704.0322609924457,"z":4.937197543650023}},"lodNum":3,"modelPath":"Tile_-14621_42670_0000_0000_0001.s3mb","rangeMode":"pixelSizeOnScreen","rangeValue":8.0}}],"lodNum":2,"modelPath":"Tile_-14621_42670_0000_0001_0001.s3mb","rangeMode":"pixelSizeOnScreen","rangeValue":4.0}},{"tileInfo":{"boundingBox":{"max":{"x":682.8645617777230,"y":-720.9256875089536,"z":59.09731062609149},"min":{"x":556.7013374945966,"y":-754.2796364133993,"z":4.931434135928277}},"children":[{"tileInfo":{"boundingBox":{"max":{"x":682.8645617777230,"y":-720.9256875089536,"z":59.09731062609149},"min":{"x":556.7013374945966,"y":-754.2796364133993,"z":4.931434135928277}},"children":[{"tileInfo":{"boundingBox":{"max":{"x":682.8645617777230,"y":-720.9256875089536,"z":59.09731062609149},"min":{"x":556.7013374945966,"y":-754.2796364133993,"z":4.931434135928277}},"lodNum":4,"modelPath":"Tile_-14621_42670_0000_-0001_0002.s3mb","rangeMode":"pixelSizeOnScreen","rangeValue":16.0}},{"tileInfo":{"boundingBox":{"max":{"x":682.8636497593470,"y":-721.6755417332508,"z":46.93183243894058},"min":{"x":556.7016673426241,"y":-754.2729036080999,"z":10.92255573733078}},"lodNum":4,"modelPath":"Tile_-14621_42670_0000_-0001_0003.s3mb","rangeMode":"pixelSizeOnScreen","rangeValue":16.0}},{"tileInfo":{"boundingBox":{"max":{"x":591.4878893173387,"y":-720.9317062914629,"z":46.93191846561370},"min":{"x":556.7017099912978,"y":-751.6895710315221,"z":10.93173369611609}},"lodNum":4,"modelPath":"Tile_-14621_42670_0000_-0001_0004.s3mb","rangeMode":"pixelSizeOnScreen","rangeValue":16.0}}],"lodNum":3,"modelPath":"Tile_-14621_42670_0000_0000_0002.s3mb","rangeMode":"pixelSizeOnScreen","rangeValue":8.0}}],"lodNum":2,"modelPath":"Tile_-14621_42670_0000_0001_0002.s3mb","rangeMode":"pixelSizeOnScreen","rangeValue":4.0}},{"tileInfo":{"boundingBox":{"max":{"x":698.8078215787785,"y":-653.0962289093516,"z":22.07940657271581},"min":{"x":697.5390379486831,"y":-663.7676094849034,"z":4.927320584491376}},"children":[{"tileInfo":{"boundingBox":{"max":{"x":698.8078215787785,"y":-653.0962289093516,"z":22.07940657271581},"min":{"x":697.5390379486831,"y":-663.7676094849034,"z":4.927320584491376}},"lodNum":3,"modelPath":"Tile_-14621_42670_0000_0000_0003.s3mb","rangeMode":"pixelSizeOnScreen","rangeValue":8.0}}],"lodNum":2,"modelPath":"Tile_-14621_42670_0000_0001_0003.s3mb","rangeMode":"pixelSizeOnScreen","rangeValue":4.0}},{"tileInfo":{"boundingBox":{"max":{"x":721.6731350224353,"y":-666.7453686530948,"z":27.72483973309092},"min":{"x":697.5927061393834,"y":-827.4555324314914,"z":4.908694714467618}},"children":[{"tileInfo":{"boundingBox":{"max":{"x":721.6731350224353,"y":-666.7453686530948,"z":27.72483973309092},"min":{"x":697.5927061393834,"y":-827.4555324314914,"z":4.908694714467618}},"lodNum":3,"modelPath":"Tile_-14621_42670_0000_0000_0004.s3mb","rangeMode":"pixelSizeOnScreen","rangeValue":8.0}}],"lodNum":2,"modelPath":"Tile_-14621_42670_0000_0001_0004.s3mb","rangeMode":"pixelSizeOnScreen","rangeValue":4.0}}],"lodNum":1,"modelPath":"Tile_-14621_42670_0000_0002_0001.s3mb","rangeMode":"pixelSizeOnScreen","rangeValue":2.0}},{"tileInfo":{"boundingBox":{"max":{"x":698.1763700984729,"y":-767.2200510556203,"z":59.84773835499349},"min":{"x":606.1680101156888,"y":-876.2027950138950,"z":4.901626091952384}},"children":[{"tileInfo":{"boundingBox":{"max":{"x":682.9404655051513,"y":-767.2200510556203,"z":59.84773835499349},"min":{"x":606.1680101156888,"y":-853.4542101758068,"z":4.914352820989176}},"children":[{"tileInfo":{"boundingBox":{"max":{"x":682.9439099896413,"y":-767.2199550184771,"z":59.83754768404052},"min":{"x":606.1638838029314,"y":-853.4548311473473,"z":4.914352820989176}},"children":[{"tileInfo":{"boundingBox":{"max":{"x":682.9439099896413,"y":-767.2199550184771,"z":59.83754768404052},"min":{"x":606.1680101156888,"y":-853.4548311473473,"z":4.914352820989176}},"lodNum":4,"modelPath":"Tile_-14621_42670_0000_-0001_0007.s3mb","rangeMode":"pixelSizeOnScreen","rangeValue":16.0}},{"tileInfo":{"boundingBox":{"max":{"x":640.9502083839024,"y":-767.2219573771657,"z":46.92180173310443},"min":{"x":606.1638838029314,"y":-797.9795235509663,"z":10.92140129152930}},"lodNum":4,"modelPath":"Tile_-14621_42670_0000_-0001_0008.s3mb","rangeMode":"pixelSizeOnScreen","rangeValue":16.0}}],"lodNum":3,"modelPath":"Tile_-14621_42670_0000_0000_0005.s3mb","rangeMode":"pixelSizeOnScreen","rangeValue":8.0}}],"lodNum":2,"modelPath":"Tile_-14621_42670_0000_0001_0005.s3mb","rangeMode":"pixelSizeOnScreen","rangeValue":4.0}},{"tileInfo":{"boundingBox":{"max":{"x":698.1763700984729,"y":-867.8941550307413,"z":9.161773497848870},"min":{"x":697.9766675285734,"y":-876.2027950138950,"z":4.901626091952384}},"children":[{"tileInfo":{"boundingBox":{"max":{"x":698.1763700984729,"y":-867.8941550307413,"z":9.161773497848870},"min":{"x":697.9766675285734,"y":-876.2027950138950,"z":4.901626091952384}},"lodNum":3,"modelPath":"Tile_-14621_42670_0000_0000_0006.s3mb","rangeMode":"pixelSizeOnScreen","rangeValue":8.0}}],"lodNum":2,"modelPath":"Tile_-14621_42670_0000_0001_0006.s3mb","rangeMode":"pixelSizeOnScreen","rangeValue":4.0}}],"lodNum":1,"modelPath":"Tile_-14621_42670_0000_0002_0002.s3mb","rangeMode":"pixelSizeOnScreen","rangeValue":2.0}}],"lodNum":0,"modelPath":"Tile_-14621_42670_0000.s3mb","rangeMode":"pixelSizeOnScreen","rangeValue":1.0}}}
