{"lodTreeExport":{"name":"Tile_-14625_42670_0000","status":{"lodCount":4,"tilesCount":7},"tileInfo":{"boundingBox":{"max":{"x":676.6771618074539,"y":673.4219717120259,"z":38.35723701940142},"min":{"x":479.0283560971532,"y":314.1673880774274,"z":4.965214675414122}},"children":[{"tileInfo":{"boundingBox":{"max":{"x":629.6279478160875,"y":673.4219717120259,"z":24.43459330001230},"min":{"x":479.0283560971532,"y":467.7238408363691,"z":4.965214675414122}},"children":[{"tileInfo":{"boundingBox":{"max":{"x":629.6279478160875,"y":673.4219717120259,"z":24.43459330001230},"min":{"x":479.0283560971532,"y":467.7238408363691,"z":4.965214675414122}},"children":[{"tileInfo":{"boundingBox":{"max":{"x":629.6279478160875,"y":673.4219717120259,"z":24.43459330001230},"min":{"x":479.0283560971532,"y":467.7238408363691,"z":4.965214675414122}},"lodNum":3,"modelPath":"Tile_-14625_42670_0000_0000_0000.s3mb","rangeMode":"pixelSizeOnScreen","rangeValue":8.0}}],"lodNum":2,"modelPath":"Tile_-14625_42670_0000_0001_0000.s3mb","rangeMode":"pixelSizeOnScreen","rangeValue":4.0}}],"lodNum":1,"modelPath":"Tile_-14625_42670_0000_0002_0000.s3mb","rangeMode":"pixelSizeOnScreen","rangeValue":2.0}},{"tileInfo":{"boundingBox":{"max":{"x":676.6771618074539,"y":400.7998990130962,"z":38.35723701940142},"min":{"x":505.3047445362464,"y":314.1673880774274,"z":4.972968930443813}},"children":[{"tileInfo":{"boundingBox":{"max":{"x":676.6771618074539,"y":400.7998990130962,"z":38.35723701940142},"min":{"x":505.3047445362464,"y":314.1673880774274,"z":4.972968930443813}},"children":[{"tileInfo":{"boundingBox":{"max":{"x":676.6771618074539,"y":400.7998990130962,"z":38.35723701940142},"min":{"x":505.3047445362464,"y":314.1673880774274,"z":4.972968930443813}},"lodNum":3,"modelPath":"Tile_-14625_42670_0000_0000_0001.s3mb","rangeMode":"pixelSizeOnScreen","rangeValue":8.0}}],"lodNum":2,"modelPath":"Tile_-14625_42670_0000_0001_0001.s3mb","rangeMode":"pixelSizeOnScreen","rangeValue":4.0}}],"lodNum":1,"modelPath":"Tile_-14625_42670_0000_0002_0001.s3mb","rangeMode":"pixelSizeOnScreen","rangeValue":2.0}}],"lodNum":0,"modelPath":"Tile_-14625_42670_0000.s3mb","rangeMode":"pixelSizeOnScreen","rangeValue":1.0}}}
