{"lodTreeExport":{"name":"Tile_-14622_42667_0000","status":{"lodCount":4,"tilesCount":4},"tileInfo":{"boundingBox":{"max":{"x":-69.70049614550808,"y":-446.1071549396633,"z":136.0165462189036},"min":{"x":-125.4741006113813,"y":-528.6189009772454,"z":4.976455896492048}},"children":[{"tileInfo":{"boundingBox":{"max":{"x":-69.70049614550808,"y":-446.1071549396633,"z":136.0165462189036},"min":{"x":-125.4741006113813,"y":-528.6189009772454,"z":4.976455896492048}},"children":[{"tileInfo":{"boundingBox":{"max":{"x":-69.70049614550808,"y":-446.1071549396633,"z":136.0165462189036},"min":{"x":-125.4741006113813,"y":-528.6189009772454,"z":4.976455896492048}},"children":[{"tileInfo":{"boundingBox":{"max":{"x":-69.70049614550808,"y":-446.1071549396633,"z":136.0165462189036},"min":{"x":-125.4741006113813,"y":-528.6189009772454,"z":4.976455896492048}},"lodNum":3,"modelPath":"Tile_-14622_42667_0000_0000_0000.s3mb","rangeMode":"pixelSizeOnScreen","rangeValue":8.0}}],"lodNum":2,"modelPath":"Tile_-14622_42667_0000_0001_0000.s3mb","rangeMode":"pixelSizeOnScreen","rangeValue":4.0}}],"lodNum":1,"modelPath":"Tile_-14622_42667_0000_0002_0000.s3mb","rangeMode":"pixelSizeOnScreen","rangeValue":2.0}}],"lodNum":0,"modelPath":"Tile_-14622_42667_0000.s3mb","rangeMode":"pixelSizeOnScreen","rangeValue":1.0}}}
