{"lodTreeExport":{"name":"Tile_-14626_42669_0000","status":{"lodCount":4,"tilesCount":4},"tileInfo":{"boundingBox":{"max":{"x":439.3251305227176,"y":907.6393258302915,"z":24.43488373381995},"min":{"x":173.2713751033380,"y":670.3205529614430,"z":4.953757648195715}},"children":[{"tileInfo":{"boundingBox":{"max":{"x":439.3251305227176,"y":907.6393258302915,"z":24.43488373381995},"min":{"x":173.2713751033380,"y":670.3205529614430,"z":4.953757648195715}},"children":[{"tileInfo":{"boundingBox":{"max":{"x":439.3251305227176,"y":907.6393258302915,"z":24.43488373381995},"min":{"x":173.2713751033380,"y":670.3205529614430,"z":4.953757648195715}},"children":[{"tileInfo":{"boundingBox":{"max":{"x":439.3251305227176,"y":907.6393258302915,"z":24.43488373381995},"min":{"x":173.2713751033380,"y":670.3205529614430,"z":4.953757648195715}},"lodNum":3,"modelPath":"Tile_-14626_42669_0000_0000_0000.s3mb","rangeMode":"pixelSizeOnScreen","rangeValue":8.0}}],"lodNum":2,"modelPath":"Tile_-14626_42669_0000_0001_0000.s3mb","rangeMode":"pixelSizeOnScreen","rangeValue":4.0}}],"lodNum":1,"modelPath":"Tile_-14626_42669_0000_0002_0000.s3mb","rangeMode":"pixelSizeOnScreen","rangeValue":2.0}}],"lodNum":0,"modelPath":"Tile_-14626_42669_0000.s3mb","rangeMode":"pixelSizeOnScreen","rangeValue":1.0}}}
