{"lodTreeExport":{"name":"Tile_-14621_42663_0000","status":{"lodCount":5,"tilesCount":15},"tileInfo":{"boundingBox":{"max":{"x":-930.2430036003426,"y":-645.6904402177162,"z":120.1159031722113},"min":{"x":-1075.832432284050,"y":-1027.908308517833,"z":4.838679188910563}},"children":[{"tileInfo":{"boundingBox":{"max":{"x":-1036.560637191231,"y":-647.0555363708751,"z":87.12011020482831},"min":{"x":-1072.707501634867,"y":-679.2749656273230,"z":4.873675436950324}},"children":[{"tileInfo":{"boundingBox":{"max":{"x":-1036.560637191231,"y":-647.0555363708751,"z":87.12011020482831},"min":{"x":-1072.707501634867,"y":-679.2749656273230,"z":4.873675436950324}},"children":[{"tileInfo":{"boundingBox":{"max":{"x":-1036.560637191231,"y":-647.0555363708751,"z":87.12011020482831},"min":{"x":-1072.707501634867,"y":-679.2749656273230,"z":4.873675436950324}},"lodNum":3,"modelPath":"Tile_-14621_42663_0000_0000_0000.s3mb","rangeMode":"pixelSizeOnScreen","rangeValue":8.0}}],"lodNum":2,"modelPath":"Tile_-14621_42663_0000_0001_0000.s3mb","rangeMode":"pixelSizeOnScreen","rangeValue":4.0}}],"lodNum":1,"modelPath":"Tile_-14621_42663_0000_0002_0000.s3mb","rangeMode":"pixelSizeOnScreen","rangeValue":2.0}},{"tileInfo":{"boundingBox":{"max":{"x":-1030.108747700718,"y":-756.1274055924075,"z":75.5476300891990},"min":{"x":-1075.832432284050,"y":-940.2843220896475,"z":4.840670645722415}},"children":[{"tileInfo":{"boundingBox":{"max":{"x":-1030.108747700718,"y":-756.1274055924075,"z":75.5476300891990},"min":{"x":-1075.832432284050,"y":-940.2843220896475,"z":4.840670645722415}},"children":[{"tileInfo":{"boundingBox":{"max":{"x":-1030.108747700718,"y":-756.1274055924075,"z":75.5476300891990},"min":{"x":-1075.832432284050,"y":-940.2843220896475,"z":4.840670645722415}},"lodNum":3,"modelPath":"Tile_-14621_42663_0000_0000_0001.s3mb","rangeMode":"pixelSizeOnScreen","rangeValue":8.0}}],"lodNum":2,"modelPath":"Tile_-14621_42663_0000_0001_0001.s3mb","rangeMode":"pixelSizeOnScreen","rangeValue":4.0}}],"lodNum":1,"modelPath":"Tile_-14621_42663_0000_0002_0001.s3mb","rangeMode":"pixelSizeOnScreen","rangeValue":2.0}},{"tileInfo":{"boundingBox":{"max":{"x":-932.2891910639039,"y":-645.6904402177162,"z":120.1159031722113},"min":{"x":-1007.798513160578,"y":-702.7023147880470,"z":4.881853362179327}},"children":[{"tileInfo":{"boundingBox":{"max":{"x":-932.2891910639039,"y":-645.6904402177162,"z":120.1159031722113},"min":{"x":-1007.798513160578,"y":-702.7023147880470,"z":4.881853362179327}},"children":[{"tileInfo":{"boundingBox":{"max":{"x":-932.2891910639039,"y":-645.6904402177162,"z":120.1159031722113},"min":{"x":-1007.798513160578,"y":-702.7023147880470,"z":4.881853362179327}},"lodNum":3,"modelPath":"Tile_-14621_42663_0000_0000_0002.s3mb","rangeMode":"pixelSizeOnScreen","rangeValue":8.0}}],"lodNum":2,"modelPath":"Tile_-14621_42663_0000_0001_0002.s3mb","rangeMode":"pixelSizeOnScreen","rangeValue":4.0}}],"lodNum":1,"modelPath":"Tile_-14621_42663_0000_0002_0002.s3mb","rangeMode":"pixelSizeOnScreen","rangeValue":2.0}},{"tileInfo":{"boundingBox":{"max":{"x":-930.2430036003426,"y":-716.8473600886696,"z":109.3939209080061},"min":{"x":-1013.549945501282,"y":-1027.908308517833,"z":4.838679188910563}},"children":[{"tileInfo":{"boundingBox":{"max":{"x":-930.2430036003426,"y":-716.8473600886696,"z":109.3939209080061},"min":{"x":-1013.549945501282,"y":-1027.908308517833,"z":4.838679188910563}},"children":[{"tileInfo":{"boundingBox":{"max":{"x":-930.2282930549560,"y":-716.8324227649681,"z":109.3939209080061},"min":{"x":-1013.565442343275,"y":-1027.922218541776,"z":4.838679188910563}},"children":[{"tileInfo":{"boundingBox":{"max":{"x":-930.2282930549560,"y":-716.8324227649681,"z":109.3939209080061},"min":{"x":-1013.565442343275,"y":-1027.922218541776,"z":4.843968420841616}},"lodNum":4,"modelPath":"Tile_-14621_42663_0000_-0001_0003.s3mb","rangeMode":"pixelSizeOnScreen","rangeValue":16.0}},{"tileInfo":{"boundingBox":{"max":{"x":-930.229747095760,"y":-728.1726897133576,"z":109.3905804382345},"min":{"x":-1013.549945501282,"y":-1027.908308517833,"z":4.838679188910563}},"lodNum":4,"modelPath":"Tile_-14621_42663_0000_-0001_0004.s3mb","rangeMode":"pixelSizeOnScreen","rangeValue":16.0}}],"lodNum":3,"modelPath":"Tile_-14621_42663_0000_0000_0003.s3mb","rangeMode":"pixelSizeOnScreen","rangeValue":8.0}}],"lodNum":2,"modelPath":"Tile_-14621_42663_0000_0001_0003.s3mb","rangeMode":"pixelSizeOnScreen","rangeValue":4.0}}],"lodNum":1,"modelPath":"Tile_-14621_42663_0000_0002_0003.s3mb","rangeMode":"pixelSizeOnScreen","rangeValue":2.0}}],"lodNum":0,"modelPath":"Tile_-14621_42663_0000.s3mb","rangeMode":"pixelSizeOnScreen","rangeValue":1.0}}}
