{"lodTreeExport":{"name":"Tile_-14626_42664_0000","status":{"lodCount":4,"tilesCount":4},"tileInfo":{"boundingBox":{"max":{"x":-759.9176822852082,"y":773.1825380529493,"z":139.8770908230860},"min":{"x":-873.3221680678820,"y":640.9262609159765,"z":4.908610318526338}},"children":[{"tileInfo":{"boundingBox":{"max":{"x":-759.9176822852082,"y":773.1825380529493,"z":139.8770908230860},"min":{"x":-873.3221680678820,"y":640.9262609159765,"z":4.908610318526338}},"children":[{"tileInfo":{"boundingBox":{"max":{"x":-759.9176822852082,"y":773.1825380529493,"z":139.8770908230860},"min":{"x":-873.3221680678820,"y":640.9262609159765,"z":4.908610318526338}},"children":[{"tileInfo":{"boundingBox":{"max":{"x":-759.9176822852082,"y":773.1825380529493,"z":139.8770908230860},"min":{"x":-873.3221680678820,"y":640.9262609159765,"z":4.908610318526338}},"lodNum":3,"modelPath":"Tile_-14626_42664_0000_0000_0000.s3mb","rangeMode":"pixelSizeOnScreen","rangeValue":8.0}}],"lodNum":2,"modelPath":"Tile_-14626_42664_0000_0001_0000.s3mb","rangeMode":"pixelSizeOnScreen","rangeValue":4.0}}],"lodNum":1,"modelPath":"Tile_-14626_42664_0000_0002_0000.s3mb","rangeMode":"pixelSizeOnScreen","rangeValue":2.0}}],"lodNum":0,"modelPath":"Tile_-14626_42664_0000.s3mb","rangeMode":"pixelSizeOnScreen","rangeValue":1.0}}}
