{"lodTreeExport":{"name":"Tile_-40953_119483_0000","tileInfo":{"lodNum":0,"modelPath":"Tile_-40953_119483_0000.s3mb","rangeMode":"pixelSizeOnScreen","rangeValue":1.0,"boundingBox":{"min":{"x":-91.3235855102539,"y":-67.32403564453125,"z":5.0},"max":{"x":91.3235855102539,"y":67.32512664794922,"z":24.5}},"children":[{"tileInfo":{"lodNum":1,"modelPath":"Tile_-40953_119483_0000_0004_0000.s3mb","rangeMode":"pixelSizeOnScreen","rangeValue":2.0,"boundingBox":{"min":{"x":-91.3235855102539,"y":-67.32403564453125,"z":5.0},"max":{"x":91.3235855102539,"y":67.32512664794922,"z":24.5}},"children":[{"tileInfo":{"lodNum":2,"modelPath":"Tile_-40953_119483_0000_0003_0000.s3mb","rangeMode":"pixelSizeOnScreen","rangeValue":4.0,"boundingBox":{"min":{"x":-91.3235855102539,"y":-67.32403564453125,"z":5.0},"max":{"x":91.3235855102539,"y":67.32512664794922,"z":24.5}},"children":[{"tileInfo":{"lodNum":3,"modelPath":"Tile_-40953_119483_0000_0002_0000.s3mb","rangeMode":"pixelSizeOnScreen","rangeValue":8.0,"boundingBox":{"min":{"x":-91.3235855102539,"y":-67.32403564453125,"z":5.0},"max":{"x":91.3235855102539,"y":67.32512664794922,"z":24.5}},"children":[{"tileInfo":{"lodNum":4,"modelPath":"Tile_-40953_119483_0000_0001_0000.s3mb","rangeMode":"pixelSizeOnScreen","rangeValue":16.0,"boundingBox":{"min":{"x":-91.3235855102539,"y":-67.32403564453125,"z":5.0},"max":{"x":91.3235855102539,"y":67.32512664794922,"z":24.5}},"children":[{"tileInfo":{"lodNum":5,"modelPath":"Tile_-40953_119483_0000_0000_0000.s3mb","rangeMode":"pixelSizeOnScreen","rangeValue":32.0,"boundingBox":{"min":{"x":-91.3235855102539,"y":-67.32403564453125,"z":5.0},"max":{"x":91.3235855102539,"y":67.32512664794922,"z":24.5}}}}]}}]}}]}}]}}]},"status":{"lodCount":5,"tilesCount":6}}}