{"lodTreeExport":{"name":"Tile_-40949_119482_0000","tileInfo":{"lodNum":0,"modelPath":"Tile_-40949_119482_0000.s3mb","rangeMode":"pixelSizeOnScreen","rangeValue":1.0,"boundingBox":{"min":{"x":-114.68289947509766,"y":-67.41712951660156,"z":5.0},"max":{"x":114.68289184570313,"y":67.41885375976563,"z":25.091115951538087}},"children":[{"tileInfo":{"lodNum":1,"modelPath":"Tile_-40949_119482_0000_0004_0000.s3mb","rangeMode":"pixelSizeOnScreen","rangeValue":2.0,"boundingBox":{"min":{"x":-114.68289947509766,"y":-67.41712951660156,"z":5.0},"max":{"x":114.68289184570313,"y":67.41885375976563,"z":25.091115951538087}},"children":[{"tileInfo":{"lodNum":2,"modelPath":"Tile_-40949_119482_0000_0003_0000.s3mb","rangeMode":"pixelSizeOnScreen","rangeValue":4.0,"boundingBox":{"min":{"x":-114.68289947509766,"y":-67.41712951660156,"z":5.0},"max":{"x":114.68289184570313,"y":67.41885375976563,"z":25.091115951538087}},"children":[{"tileInfo":{"lodNum":3,"modelPath":"Tile_-40949_119482_0000_0002_0000.s3mb","rangeMode":"pixelSizeOnScreen","rangeValue":8.0,"boundingBox":{"min":{"x":-114.68289947509766,"y":-67.41712951660156,"z":5.0},"max":{"x":114.68289184570313,"y":67.41885375976563,"z":25.091115951538087}},"children":[{"tileInfo":{"lodNum":4,"modelPath":"Tile_-40949_119482_0000_0001_0000.s3mb","rangeMode":"pixelSizeOnScreen","rangeValue":16.0,"boundingBox":{"min":{"x":-114.68289947509766,"y":-67.41712951660156,"z":5.0},"max":{"x":114.68289184570313,"y":67.41885375976563,"z":25.091115951538087}},"children":[{"tileInfo":{"lodNum":5,"modelPath":"Tile_-40949_119482_0000_0000_0000.s3mb","rangeMode":"pixelSizeOnScreen","rangeValue":32.0,"boundingBox":{"min":{"x":-114.68289947509766,"y":-67.41712951660156,"z":5.0},"max":{"x":114.68289184570313,"y":67.41885375976563,"z":25.091115951538087}}}}]}}]}}]}}]}}]},"status":{"lodCount":5,"tilesCount":6}}}