{"lodTreeExport":{"name":"Tile_-97498_284474_0000","status":{"lodCount":1,"tilesCount":1},"tileInfo":{"boundingBox":{"max":{"x":104.8613281249211,"y":107.9394760127667,"z":235.6295776367188},"min":{"x":-104.8613357544734,"y":-107.9380264286395,"z":5.000000476837145}},"lodNum":0,"modelPath":"Tile_-97498_284474_0000.s3mb","rangeMode":"pixelSizeOnScreen","rangeValue":1.0}}}
