{"lodTreeExport":{"name":"Tile_-14626_42672_0000","status":{"lodCount":5,"tilesCount":16},"tileInfo":{"boundingBox":{"max":{"x":1165.138446074281,"y":905.9933320074791,"z":59.04272904921917},"min":{"x":953.21181129540,"y":699.7855329042034,"z":4.873469299991498}},"children":[{"tileInfo":{"boundingBox":{"max":{"x":1143.704914025391,"y":905.9933320074791,"z":59.03336073230},"min":{"x":953.21181129540,"y":783.1173802817882,"z":4.876004833381335}},"children":[{"tileInfo":{"boundingBox":{"max":{"x":1019.868858340980,"y":872.0702134137922,"z":59.03336073230},"min":{"x":953.21181129540,"y":783.1173802817882,"z":4.880933513798798}},"children":[{"tileInfo":{"boundingBox":{"max":{"x":1019.868858340980,"y":872.0702134137922,"z":59.03336073230},"min":{"x":953.21181129540,"y":783.1173802817882,"z":4.880933513798798}},"children":[{"tileInfo":{"boundingBox":{"max":{"x":1019.868858340980,"y":872.0702134137922,"z":59.03336073230},"min":{"x":953.21181129540,"y":783.1173802817882,"z":4.880933513798798}},"lodNum":4,"modelPath":"Tile_-14626_42672_0000_-0001_0000.s3mb","rangeMode":"pixelSizeOnScreen","rangeValue":16.0}},{"tileInfo":{"boundingBox":{"max":{"x":1019.866975291336,"y":872.0686337520061,"z":46.85909035053091},"min":{"x":953.2127393426073,"y":783.1181588065150,"z":10.88093339151777}},"lodNum":4,"modelPath":"Tile_-14626_42672_0000_-0001_0001.s3mb","rangeMode":"pixelSizeOnScreen","rangeValue":16.0}}],"lodNum":3,"modelPath":"Tile_-14626_42672_0000_0000_0000.s3mb","rangeMode":"pixelSizeOnScreen","rangeValue":8.0}}],"lodNum":2,"modelPath":"Tile_-14626_42672_0000_0001_0000.s3mb","rangeMode":"pixelSizeOnScreen","rangeValue":4.0}},{"tileInfo":{"boundingBox":{"max":{"x":1143.704914025391,"y":905.9933320074791,"z":23.03392389251426},"min":{"x":956.1862124144650,"y":823.2742449502167,"z":4.876004833381335}},"children":[{"tileInfo":{"boundingBox":{"max":{"x":1143.704914025391,"y":905.9933320074791,"z":23.03392389251426},"min":{"x":956.1862124144650,"y":823.2742449502167,"z":4.876004833381335}},"lodNum":3,"modelPath":"Tile_-14626_42672_0000_0000_0001.s3mb","rangeMode":"pixelSizeOnScreen","rangeValue":8.0}}],"lodNum":2,"modelPath":"Tile_-14626_42672_0000_0001_0001.s3mb","rangeMode":"pixelSizeOnScreen","rangeValue":4.0}}],"lodNum":1,"modelPath":"Tile_-14626_42672_0000_0002_0000.s3mb","rangeMode":"pixelSizeOnScreen","rangeValue":2.0}},{"tileInfo":{"boundingBox":{"max":{"x":1049.848958987816,"y":760.9837035571725,"z":59.04272904921917},"min":{"x":953.9604036960747,"y":699.7855329042034,"z":4.890520267571814}},"children":[{"tileInfo":{"boundingBox":{"max":{"x":1049.848958987816,"y":760.9837035571725,"z":59.04272904921917},"min":{"x":953.9604036960747,"y":699.7855329042034,"z":4.890520267571814}},"children":[{"tileInfo":{"boundingBox":{"max":{"x":1049.848958987816,"y":760.9837035571725,"z":59.04272904921917},"min":{"x":953.9604036960747,"y":699.7855329042034,"z":4.890520267571814}},"children":[{"tileInfo":{"boundingBox":{"max":{"x":1049.848958987816,"y":760.9837035571725,"z":59.04272904921917},"min":{"x":953.9604036960747,"y":699.7855329042034,"z":4.890520267571814}},"lodNum":4,"modelPath":"Tile_-14626_42672_0000_-0001_0003.s3mb","rangeMode":"pixelSizeOnScreen","rangeValue":16.0}},{"tileInfo":{"boundingBox":{"max":{"x":1049.847046611616,"y":760.9823094426467,"z":46.86845864935992},"min":{"x":953.9613461966603,"y":699.7862199833237,"z":10.89052015420639}},"lodNum":4,"modelPath":"Tile_-14626_42672_0000_-0001_0004.s3mb","rangeMode":"pixelSizeOnScreen","rangeValue":16.0}}],"lodNum":3,"modelPath":"Tile_-14626_42672_0000_0000_0002.s3mb","rangeMode":"pixelSizeOnScreen","rangeValue":8.0}}],"lodNum":2,"modelPath":"Tile_-14626_42672_0000_0001_0002.s3mb","rangeMode":"pixelSizeOnScreen","rangeValue":4.0}}],"lodNum":1,"modelPath":"Tile_-14626_42672_0000_0002_0001.s3mb","rangeMode":"pixelSizeOnScreen","rangeValue":2.0}},{"tileInfo":{"boundingBox":{"max":{"x":1165.138446074281,"y":808.6482552945930,"z":51.24275621614797},"min":{"x":1061.595352431891,"y":701.8599142245278,"z":4.873469299991498}},"children":[{"tileInfo":{"boundingBox":{"max":{"x":1165.138446074281,"y":808.6482552945930,"z":51.24275621614797},"min":{"x":1061.595352431891,"y":701.8599142245278,"z":4.873469299991498}},"children":[{"tileInfo":{"boundingBox":{"max":{"x":1165.138446074281,"y":808.6482552945930,"z":51.24275621614797},"min":{"x":1061.595352431891,"y":701.8599142245278,"z":4.873469299991498}},"lodNum":3,"modelPath":"Tile_-14626_42672_0000_0000_0003.s3mb","rangeMode":"pixelSizeOnScreen","rangeValue":8.0}}],"lodNum":2,"modelPath":"Tile_-14626_42672_0000_0001_0003.s3mb","rangeMode":"pixelSizeOnScreen","rangeValue":4.0}}],"lodNum":1,"modelPath":"Tile_-14626_42672_0000_0002_0002.s3mb","rangeMode":"pixelSizeOnScreen","rangeValue":2.0}}],"lodNum":0,"modelPath":"Tile_-14626_42672_0000.s3mb","rangeMode":"pixelSizeOnScreen","rangeValue":1.0}}}
