{"lodTreeExport":{"name":"Tile_-14624_42671_0000","status":{"lodCount":4,"tilesCount":4},"tileInfo":{"boundingBox":{"max":{"x":1155.810100170424,"y":211.8990583744601,"z":66.09980506615059},"min":{"x":685.3579645661116,"y":138.5142027025172,"z":4.966108953036125}},"children":[{"tileInfo":{"boundingBox":{"max":{"x":1155.810100170424,"y":211.8990583744601,"z":66.09980506615059},"min":{"x":685.3579645661116,"y":138.5142027025172,"z":4.966108953036125}},"children":[{"tileInfo":{"boundingBox":{"max":{"x":1155.810100170424,"y":211.8990583744601,"z":66.09980506615059},"min":{"x":685.3579645661116,"y":138.5142027025172,"z":4.966108953036125}},"children":[{"tileInfo":{"boundingBox":{"max":{"x":1155.810100170424,"y":211.8990583744601,"z":66.09980506615059},"min":{"x":685.3579645661116,"y":138.5142027025172,"z":4.966108953036125}},"lodNum":3,"modelPath":"Tile_-14624_42671_0000_0000_0000.s3mb","rangeMode":"pixelSizeOnScreen","rangeValue":8.0}}],"lodNum":2,"modelPath":"Tile_-14624_42671_0000_0001_0000.s3mb","rangeMode":"pixelSizeOnScreen","rangeValue":4.0}}],"lodNum":1,"modelPath":"Tile_-14624_42671_0000_0002_0000.s3mb","rangeMode":"pixelSizeOnScreen","rangeValue":2.0}}],"lodNum":0,"modelPath":"Tile_-14624_42671_0000.s3mb","rangeMode":"pixelSizeOnScreen","rangeValue":1.0}}}
