{"lodTreeExport":{"name":"Tile_-14623_42664_0000","status":{"lodCount":4,"tilesCount":6},"tileInfo":{"boundingBox":{"max":{"x":-662.4547931302824,"y":-45.44342173479236,"z":51.35723667002890},"min":{"x":-973.0018960866737,"y":-239.1276920497011,"z":4.923547748580564}},"children":[{"tileInfo":{"boundingBox":{"max":{"x":-662.4547931302824,"y":-45.44342173479236,"z":51.35723667002890},"min":{"x":-973.0018960866737,"y":-239.1276920497011,"z":4.923547748580564}},"children":[{"tileInfo":{"boundingBox":{"max":{"x":-743.0965665497383,"y":-45.44342173479236,"z":51.35723667002890},"min":{"x":-923.3446604911925,"y":-92.83151632814428,"z":4.932553261917743}},"children":[{"tileInfo":{"boundingBox":{"max":{"x":-743.0965665497383,"y":-45.44342173479236,"z":51.35723667002890},"min":{"x":-923.3446604911925,"y":-92.83151632814428,"z":4.932553261917743}},"lodNum":3,"modelPath":"Tile_-14623_42664_0000_0000_0000.s3mb","rangeMode":"pixelSizeOnScreen","rangeValue":8.0}}],"lodNum":2,"modelPath":"Tile_-14623_42664_0000_0001_0000.s3mb","rangeMode":"pixelSizeOnScreen","rangeValue":4.0}},{"tileInfo":{"boundingBox":{"max":{"x":-662.4547931302824,"y":-104.1001882684878,"z":19.96192013204298},"min":{"x":-973.0018960866737,"y":-239.1276920497011,"z":4.923547748580564}},"children":[{"tileInfo":{"boundingBox":{"max":{"x":-662.4547931302824,"y":-104.1001882684878,"z":19.96192013204298},"min":{"x":-973.0018960866737,"y":-239.1276920497011,"z":4.923547748580564}},"lodNum":3,"modelPath":"Tile_-14623_42664_0000_0000_0001.s3mb","rangeMode":"pixelSizeOnScreen","rangeValue":8.0}}],"lodNum":2,"modelPath":"Tile_-14623_42664_0000_0001_0001.s3mb","rangeMode":"pixelSizeOnScreen","rangeValue":4.0}}],"lodNum":1,"modelPath":"Tile_-14623_42664_0000_0002_0000.s3mb","rangeMode":"pixelSizeOnScreen","rangeValue":2.0}}],"lodNum":0,"modelPath":"Tile_-14623_42664_0000.s3mb","rangeMode":"pixelSizeOnScreen","rangeValue":1.0}}}
