{"lodTreeExport":{"name":"Tile_-40951_119480_0000","tileInfo":{"lodNum":0,"modelPath":"Tile_-40951_119480_0000.s3mb","rangeMode":"pixelSizeOnScreen","rangeValue":1.0,"boundingBox":{"min":{"x":-314.24383544921877,"y":-286.2737121582031,"z":5.1999921798706059},"max":{"x":314.24383544921877,"y":286.2866516113281,"z":7.100779056549072}},"children":[{"tileInfo":{"lodNum":1,"modelPath":"Tile_-40951_119480_0000_0004_0000.s3mb","rangeMode":"pixelSizeOnScreen","rangeValue":2.0,"boundingBox":{"min":{"x":-314.24383544921877,"y":-286.2737121582031,"z":5.1999921798706059},"max":{"x":314.24383544921877,"y":286.2866516113281,"z":7.100779056549072}},"children":[{"tileInfo":{"lodNum":2,"modelPath":"Tile_-40951_119480_0000_0003_0000.s3mb","rangeMode":"pixelSizeOnScreen","rangeValue":4.0,"boundingBox":{"min":{"x":-314.24383544921877,"y":-286.2737121582031,"z":5.1999921798706059},"max":{"x":314.24383544921877,"y":286.2866516113281,"z":7.100779056549072}},"children":[{"tileInfo":{"lodNum":3,"modelPath":"Tile_-40951_119480_0000_0002_0000.s3mb","rangeMode":"pixelSizeOnScreen","rangeValue":8.0,"boundingBox":{"min":{"x":-314.24383544921877,"y":-286.2737121582031,"z":5.1999921798706059},"max":{"x":314.24383544921877,"y":286.2866516113281,"z":7.100779056549072}},"children":[{"tileInfo":{"lodNum":4,"modelPath":"Tile_-40951_119480_0000_0001_0000.s3mb","rangeMode":"pixelSizeOnScreen","rangeValue":16.0,"boundingBox":{"min":{"x":-314.24383544921877,"y":-286.2737121582031,"z":5.1999921798706059},"max":{"x":314.24383544921877,"y":286.2866516113281,"z":7.100779056549072}},"children":[{"tileInfo":{"lodNum":5,"modelPath":"Tile_-40951_119480_0000_0000_0000.s3mb","rangeMode":"pixelSizeOnScreen","rangeValue":32.0,"boundingBox":{"min":{"x":-314.24383544921877,"y":-286.2737121582031,"z":5.1999921798706059},"max":{"x":314.24383544921877,"y":286.2866516113281,"z":7.100779056549072}}}}]}}]}}]}}]}}]},"status":{"lodCount":5,"tilesCount":6}}}