{"lodTreeExport":{"name":"Tile_-40958_119478_0000","tileInfo":{"lodNum":0,"modelPath":"Tile_-40958_119478_0000.s3mb","rangeMode":"pixelSizeOnScreen","rangeValue":1.0,"boundingBox":{"min":{"x":-98.13212585449219,"y":-9.317937850952149,"z":4.999996185302734},"max":{"x":98.13212585449219,"y":9.31920051574707,"z":57.999996185302737}},"children":[{"tileInfo":{"lodNum":1,"modelPath":"Tile_-40958_119478_0000_0004_0000.s3mb","rangeMode":"pixelSizeOnScreen","rangeValue":2.0,"boundingBox":{"min":{"x":-98.13212585449219,"y":-9.317937850952149,"z":4.999996185302734},"max":{"x":98.13212585449219,"y":9.31920051574707,"z":57.999996185302737}},"children":[{"tileInfo":{"lodNum":2,"modelPath":"Tile_-40958_119478_0000_0003_0000.s3mb","rangeMode":"pixelSizeOnScreen","rangeValue":4.0,"boundingBox":{"min":{"x":-98.13212585449219,"y":-9.317937850952149,"z":4.999996185302734},"max":{"x":98.13212585449219,"y":9.31920051574707,"z":57.999996185302737}},"children":[{"tileInfo":{"lodNum":3,"modelPath":"Tile_-40958_119478_0000_0002_0000.s3mb","rangeMode":"pixelSizeOnScreen","rangeValue":8.0,"boundingBox":{"min":{"x":-98.13212585449219,"y":-9.317937850952149,"z":4.999996185302734},"max":{"x":98.13212585449219,"y":9.31920051574707,"z":57.999996185302737}},"children":[{"tileInfo":{"lodNum":4,"modelPath":"Tile_-40958_119478_0000_0001_0000.s3mb","rangeMode":"pixelSizeOnScreen","rangeValue":16.0,"boundingBox":{"min":{"x":-98.13212585449219,"y":-9.317937850952149,"z":4.999996185302734},"max":{"x":98.13212585449219,"y":9.31920051574707,"z":57.999996185302737}},"children":[{"tileInfo":{"lodNum":5,"modelPath":"Tile_-40958_119478_0000_0000_0000.s3mb","rangeMode":"pixelSizeOnScreen","rangeValue":32.0,"boundingBox":{"min":{"x":-98.13212585449219,"y":-9.317937850952149,"z":4.999996185302734},"max":{"x":98.13212585449219,"y":9.31920051574707,"z":57.999996185302737}}}}]}}]}}]}}]}}]},"status":{"lodCount":5,"tilesCount":6}}}