{"lodTreeExport":{"name":"Tile_-14626_42663_0000","status":{"lodCount":4,"tilesCount":13},"tileInfo":{"boundingBox":{"max":{"x":-912.8967647577276,"y":901.1169058541174,"z":142.8658430080952},"min":{"x":-1165.134029409188,"y":638.0392818420730,"z":4.845836296220048}},"children":[{"tileInfo":{"boundingBox":{"max":{"x":-988.6860539141389,"y":901.1169058541174,"z":51.52247337332840},"min":{"x":-1165.134029409188,"y":749.4504820147578,"z":4.845836296220048}},"children":[{"tileInfo":{"boundingBox":{"max":{"x":-988.6860539141389,"y":901.1169058541174,"z":51.52247337332840},"min":{"x":-1165.134029409188,"y":749.4504820147578,"z":4.845836296220048}},"children":[{"tileInfo":{"boundingBox":{"max":{"x":-988.6860539141389,"y":901.1169058541174,"z":51.52247337332840},"min":{"x":-1165.134029409188,"y":749.4504820147578,"z":4.845836296220048}},"lodNum":3,"modelPath":"Tile_-14626_42663_0000_0000_0000.s3mb","rangeMode":"pixelSizeOnScreen","rangeValue":8.0}}],"lodNum":2,"modelPath":"Tile_-14626_42663_0000_0001_0000.s3mb","rangeMode":"pixelSizeOnScreen","rangeValue":4.0}}],"lodNum":1,"modelPath":"Tile_-14626_42663_0000_0002_0000.s3mb","rangeMode":"pixelSizeOnScreen","rangeValue":2.0}},{"tileInfo":{"boundingBox":{"max":{"x":-1091.496441870699,"y":722.9656916192218,"z":142.8658430080952},"min":{"x":-1160.292206616615,"y":645.5381469794214,"z":4.862116644686121}},"children":[{"tileInfo":{"boundingBox":{"max":{"x":-1091.496441870699,"y":722.9656916192218,"z":142.8658430080952},"min":{"x":-1160.292206616615,"y":645.5381469794214,"z":4.862116644686121}},"children":[{"tileInfo":{"boundingBox":{"max":{"x":-1091.496441870699,"y":722.9656916192218,"z":142.8658430080952},"min":{"x":-1160.292206616615,"y":645.5381469794214,"z":4.862116644686121}},"lodNum":3,"modelPath":"Tile_-14626_42663_0000_0000_0001.s3mb","rangeMode":"pixelSizeOnScreen","rangeValue":8.0}}],"lodNum":2,"modelPath":"Tile_-14626_42663_0000_0001_0001.s3mb","rangeMode":"pixelSizeOnScreen","rangeValue":4.0}}],"lodNum":1,"modelPath":"Tile_-14626_42663_0000_0002_0001.s3mb","rangeMode":"pixelSizeOnScreen","rangeValue":2.0}},{"tileInfo":{"boundingBox":{"max":{"x":-912.8967647577276,"y":884.7141823474275,"z":57.47416816616565},"min":{"x":-1101.929271880162,"y":798.0080026503030,"z":4.855745265953639}},"children":[{"tileInfo":{"boundingBox":{"max":{"x":-912.8967647577276,"y":884.7141823474275,"z":57.47416816616565},"min":{"x":-1101.929271880162,"y":798.0080026503030,"z":4.855745265953639}},"children":[{"tileInfo":{"boundingBox":{"max":{"x":-912.8967647577276,"y":884.7141823474275,"z":57.47416816616565},"min":{"x":-1101.929271880162,"y":798.0080026503030,"z":4.855745265953639}},"lodNum":3,"modelPath":"Tile_-14626_42663_0000_0000_0002.s3mb","rangeMode":"pixelSizeOnScreen","rangeValue":8.0}}],"lodNum":2,"modelPath":"Tile_-14626_42663_0000_0001_0002.s3mb","rangeMode":"pixelSizeOnScreen","rangeValue":4.0}}],"lodNum":1,"modelPath":"Tile_-14626_42663_0000_0002_0002.s3mb","rangeMode":"pixelSizeOnScreen","rangeValue":2.0}},{"tileInfo":{"boundingBox":{"max":{"x":-933.8986317039357,"y":759.4498921437064,"z":24.38689609573414},"min":{"x":-1031.024975477274,"y":638.0392818420730,"z":4.885218549350213}},"children":[{"tileInfo":{"boundingBox":{"max":{"x":-933.8986317039357,"y":759.4498921437064,"z":24.38689609573414},"min":{"x":-1031.024975477274,"y":638.0392818420730,"z":4.885218549350213}},"children":[{"tileInfo":{"boundingBox":{"max":{"x":-933.8986317039357,"y":759.4498921437064,"z":24.38689609573414},"min":{"x":-1031.024975477274,"y":638.0392818420730,"z":4.885218549350213}},"lodNum":3,"modelPath":"Tile_-14626_42663_0000_0000_0003.s3mb","rangeMode":"pixelSizeOnScreen","rangeValue":8.0}}],"lodNum":2,"modelPath":"Tile_-14626_42663_0000_0001_0003.s3mb","rangeMode":"pixelSizeOnScreen","rangeValue":4.0}}],"lodNum":1,"modelPath":"Tile_-14626_42663_0000_0002_0003.s3mb","rangeMode":"pixelSizeOnScreen","rangeValue":2.0}}],"lodNum":0,"modelPath":"Tile_-14626_42663_0000.s3mb","rangeMode":"pixelSizeOnScreen","rangeValue":1.0}}}
