{"lodTreeExport":{"name":"Tile_-14625_42665_0000","status":{"lodCount":4,"tilesCount":10},"tileInfo":{"boundingBox":{"max":{"x":-461.1333422409656,"y":601.3278407779364,"z":251.9653518690874},"min":{"x":-692.2478517573593,"y":292.1845212142108,"z":4.946705235829360}},"children":[{"tileInfo":{"boundingBox":{"max":{"x":-585.5545605922288,"y":601.3278407779364,"z":84.54508503329296},"min":{"x":-650.9638674557782,"y":509.2190531868849,"z":4.946705235829360}},"children":[{"tileInfo":{"boundingBox":{"max":{"x":-585.5545605922288,"y":601.3278407779364,"z":84.54508503329296},"min":{"x":-650.9638674557782,"y":509.2190531868849,"z":4.946705235829360}},"children":[{"tileInfo":{"boundingBox":{"max":{"x":-585.5545605922288,"y":601.3278407779364,"z":84.54508503329296},"min":{"x":-650.9638674557782,"y":509.2190531868849,"z":4.946705235829360}},"lodNum":3,"modelPath":"Tile_-14625_42665_0000_0000_0000.s3mb","rangeMode":"pixelSizeOnScreen","rangeValue":8.0}}],"lodNum":2,"modelPath":"Tile_-14625_42665_0000_0001_0000.s3mb","rangeMode":"pixelSizeOnScreen","rangeValue":4.0}}],"lodNum":1,"modelPath":"Tile_-14625_42665_0000_0002_0000.s3mb","rangeMode":"pixelSizeOnScreen","rangeValue":2.0}},{"tileInfo":{"boundingBox":{"max":{"x":-587.1602571436885,"y":429.1399871891861,"z":84.55886308925599},"min":{"x":-692.2478517573593,"y":353.8806854513659,"z":4.952951483579438}},"children":[{"tileInfo":{"boundingBox":{"max":{"x":-587.1602571436885,"y":429.1399871891861,"z":84.55886308925599},"min":{"x":-692.2478517573593,"y":353.8806854513659,"z":4.952951483579438}},"children":[{"tileInfo":{"boundingBox":{"max":{"x":-587.1602571436885,"y":429.1399871891861,"z":84.55886308925599},"min":{"x":-692.2478517573593,"y":353.8806854513659,"z":4.952951483579438}},"lodNum":3,"modelPath":"Tile_-14625_42665_0000_0000_0001.s3mb","rangeMode":"pixelSizeOnScreen","rangeValue":8.0}}],"lodNum":2,"modelPath":"Tile_-14625_42665_0000_0001_0001.s3mb","rangeMode":"pixelSizeOnScreen","rangeValue":4.0}}],"lodNum":1,"modelPath":"Tile_-14625_42665_0000_0002_0001.s3mb","rangeMode":"pixelSizeOnScreen","rangeValue":2.0}},{"tileInfo":{"boundingBox":{"max":{"x":-461.1333422409656,"y":490.6260567145743,"z":251.9653518690874},"min":{"x":-533.8179275098994,"y":292.1845212142108,"z":4.971859042812494}},"children":[{"tileInfo":{"boundingBox":{"max":{"x":-461.1333422409656,"y":490.6260567145743,"z":251.9653518690874},"min":{"x":-533.8179275098994,"y":292.1845212142108,"z":4.971859042812494}},"children":[{"tileInfo":{"boundingBox":{"max":{"x":-461.1333422409656,"y":490.6260567145743,"z":251.9653518690874},"min":{"x":-533.8179275098994,"y":292.1845212142108,"z":4.971859042812494}},"lodNum":3,"modelPath":"Tile_-14625_42665_0000_0000_0002.s3mb","rangeMode":"pixelSizeOnScreen","rangeValue":8.0}}],"lodNum":2,"modelPath":"Tile_-14625_42665_0000_0001_0002.s3mb","rangeMode":"pixelSizeOnScreen","rangeValue":4.0}}],"lodNum":1,"modelPath":"Tile_-14625_42665_0000_0002_0002.s3mb","rangeMode":"pixelSizeOnScreen","rangeValue":2.0}}],"lodNum":0,"modelPath":"Tile_-14625_42665_0000.s3mb","rangeMode":"pixelSizeOnScreen","rangeValue":1.0}}}
