{"lodTreeExport":{"name":"Tile_-40955_119480_0000","tileInfo":{"lodNum":0,"modelPath":"Tile_-40955_119480_0000.s3mb","rangeMode":"pixelSizeOnScreen","rangeValue":1.0,"boundingBox":{"min":{"x":-320.1648864746094,"y":-344.0368347167969,"z":5.000001907348633},"max":{"x":320.1648864746094,"y":344.0502624511719,"z":5.200003147125244}},"children":[{"tileInfo":{"lodNum":1,"modelPath":"Tile_-40955_119480_0000_0004_0000.s3mb","rangeMode":"pixelSizeOnScreen","rangeValue":2.0,"boundingBox":{"min":{"x":-320.1648864746094,"y":-344.0368347167969,"z":5.000001907348633},"max":{"x":320.1648864746094,"y":344.0502624511719,"z":5.200003147125244}},"children":[{"tileInfo":{"lodNum":2,"modelPath":"Tile_-40955_119480_0000_0003_0000.s3mb","rangeMode":"pixelSizeOnScreen","rangeValue":4.0,"boundingBox":{"min":{"x":-320.1648864746094,"y":-344.0368347167969,"z":5.000001907348633},"max":{"x":320.1648864746094,"y":344.0502624511719,"z":5.200003147125244}},"children":[{"tileInfo":{"lodNum":3,"modelPath":"Tile_-40955_119480_0000_0002_0000.s3mb","rangeMode":"pixelSizeOnScreen","rangeValue":8.0,"boundingBox":{"min":{"x":-320.1648864746094,"y":-344.0368347167969,"z":5.000001907348633},"max":{"x":320.1648864746094,"y":344.0502624511719,"z":5.200003147125244}},"children":[{"tileInfo":{"lodNum":4,"modelPath":"Tile_-40955_119480_0000_0001_0000.s3mb","rangeMode":"pixelSizeOnScreen","rangeValue":16.0,"boundingBox":{"min":{"x":-320.1648864746094,"y":-344.0368347167969,"z":5.000001907348633},"max":{"x":320.1648864746094,"y":344.0502624511719,"z":5.200003147125244}},"children":[{"tileInfo":{"lodNum":5,"modelPath":"Tile_-40955_119480_0000_0000_0000.s3mb","rangeMode":"pixelSizeOnScreen","rangeValue":32.0,"boundingBox":{"min":{"x":-320.1648864746094,"y":-344.0368347167969,"z":5.000001907348633},"max":{"x":320.1648864746094,"y":344.0502624511719,"z":5.200003147125244}}}}]}}]}}]}}]}}]},"status":{"lodCount":5,"tilesCount":6}}}