{"lodTreeExport":{"name":"Tile_-14623_42669_0000","status":{"lodCount":4,"tilesCount":4},"tileInfo":{"boundingBox":{"max":{"x":425.1676524619219,"y":-47.78095200687118,"z":71.79059497637211},"min":{"x":365.2807945579498,"y":-137.1032171684427,"z":4.988308383914333}},"children":[{"tileInfo":{"boundingBox":{"max":{"x":425.1676524619219,"y":-47.78095200687118,"z":71.79059497637211},"min":{"x":365.2807945579498,"y":-137.1032171684427,"z":4.988308383914333}},"children":[{"tileInfo":{"boundingBox":{"max":{"x":425.1676524619219,"y":-47.78095200687118,"z":71.79059497637211},"min":{"x":365.2807945579498,"y":-137.1032171684427,"z":4.988308383914333}},"children":[{"tileInfo":{"boundingBox":{"max":{"x":425.1676524619219,"y":-47.78095200687118,"z":71.79059497637211},"min":{"x":365.2807945579498,"y":-137.1032171684427,"z":4.988308383914333}},"lodNum":3,"modelPath":"Tile_-14623_42669_0000_0000_0000.s3mb","rangeMode":"pixelSizeOnScreen","rangeValue":8.0}}],"lodNum":2,"modelPath":"Tile_-14623_42669_0000_0001_0000.s3mb","rangeMode":"pixelSizeOnScreen","rangeValue":4.0}}],"lodNum":1,"modelPath":"Tile_-14623_42669_0000_0002_0000.s3mb","rangeMode":"pixelSizeOnScreen","rangeValue":2.0}}],"lodNum":0,"modelPath":"Tile_-14623_42669_0000.s3mb","rangeMode":"pixelSizeOnScreen","rangeValue":1.0}}}
