{"lodTreeExport":{"name":"Tile_-40952_119483_0000","tileInfo":{"lodNum":0,"modelPath":"Tile_-40952_119483_0000.s3mb","rangeMode":"pixelSizeOnScreen","rangeValue":1.0,"boundingBox":{"min":{"x":-1.9366189241409302,"y":-5.179861545562744,"z":5.000001907348633},"max":{"x":1.9366189241409302,"y":5.179862022399902,"z":28.54900360107422}},"children":[{"tileInfo":{"lodNum":1,"modelPath":"Tile_-40952_119483_0000_0004_0000.s3mb","rangeMode":"pixelSizeOnScreen","rangeValue":2.0,"boundingBox":{"min":{"x":-1.9366189241409302,"y":-5.179861545562744,"z":5.000001907348633},"max":{"x":1.9366189241409302,"y":5.179862022399902,"z":28.54900360107422}},"children":[{"tileInfo":{"lodNum":2,"modelPath":"Tile_-40952_119483_0000_0003_0000.s3mb","rangeMode":"pixelSizeOnScreen","rangeValue":4.0,"boundingBox":{"min":{"x":-1.9366189241409302,"y":-5.179861545562744,"z":5.000001907348633},"max":{"x":1.9366189241409302,"y":5.179862022399902,"z":28.54900360107422}},"children":[{"tileInfo":{"lodNum":3,"modelPath":"Tile_-40952_119483_0000_0002_0000.s3mb","rangeMode":"pixelSizeOnScreen","rangeValue":8.0,"boundingBox":{"min":{"x":-1.9366189241409302,"y":-5.179861545562744,"z":5.000001907348633},"max":{"x":1.9366189241409302,"y":5.179862022399902,"z":28.54900360107422}},"children":[{"tileInfo":{"lodNum":4,"modelPath":"Tile_-40952_119483_0000_0001_0000.s3mb","rangeMode":"pixelSizeOnScreen","rangeValue":16.0,"boundingBox":{"min":{"x":-1.9366189241409302,"y":-5.179861545562744,"z":5.000001907348633},"max":{"x":1.9366189241409302,"y":5.179862022399902,"z":28.54900360107422}},"children":[{"tileInfo":{"lodNum":5,"modelPath":"Tile_-40952_119483_0000_0000_0000.s3mb","rangeMode":"pixelSizeOnScreen","rangeValue":32.0,"boundingBox":{"min":{"x":-1.9366189241409302,"y":-5.179861545562744,"z":5.000001907348633},"max":{"x":1.9366189241409302,"y":5.179862022399902,"z":28.54900360107422}}}}]}}]}}]}}]}}]},"status":{"lodCount":5,"tilesCount":6}}}