{"lodTreeExport":{"name":"Tile_-14627_42669_0000","status":{"lodCount":4,"tilesCount":4},"tileInfo":{"boundingBox":{"max":{"x":436.6485226813320,"y":1027.147590763293,"z":57.90324196410044},"min":{"x":243.7132995877628,"y":934.3224839418436,"z":4.927804686605420}},"children":[{"tileInfo":{"boundingBox":{"max":{"x":436.6485226813320,"y":1027.147590763293,"z":57.90324196410044},"min":{"x":243.7132995877628,"y":934.3224839418436,"z":4.927804686605420}},"children":[{"tileInfo":{"boundingBox":{"max":{"x":436.6485226813320,"y":1027.147590763293,"z":57.90324196410044},"min":{"x":243.7132995877628,"y":934.3224839418436,"z":4.927804686605420}},"children":[{"tileInfo":{"boundingBox":{"max":{"x":436.6485226813320,"y":1027.147590763293,"z":57.90324196410044},"min":{"x":243.7132995877628,"y":934.3224839418436,"z":4.927804686605420}},"lodNum":3,"modelPath":"Tile_-14627_42669_0000_0000_0000.s3mb","rangeMode":"pixelSizeOnScreen","rangeValue":8.0}}],"lodNum":2,"modelPath":"Tile_-14627_42669_0000_0001_0000.s3mb","rangeMode":"pixelSizeOnScreen","rangeValue":4.0}}],"lodNum":1,"modelPath":"Tile_-14627_42669_0000_0002_0000.s3mb","rangeMode":"pixelSizeOnScreen","rangeValue":2.0}}],"lodNum":0,"modelPath":"Tile_-14627_42669_0000.s3mb","rangeMode":"pixelSizeOnScreen","rangeValue":1.0}}}
