{"lodTreeExport":{"name":"Tile_-14622_42671_0000","status":{"lodCount":5,"tilesCount":9},"tileInfo":{"boundingBox":{"max":{"x":963.3791628103728,"y":-362.2415496951627,"z":152.2449512468892},"min":{"x":805.0486404476636,"y":-512.9069374413796,"z":4.929058152175048}},"children":[{"tileInfo":{"boundingBox":{"max":{"x":963.3791628103728,"y":-362.2415496951627,"z":99.71749117485756},"min":{"x":805.0486404476636,"y":-414.6309200113101,"z":4.936249795240012}},"children":[{"tileInfo":{"boundingBox":{"max":{"x":963.3791628103728,"y":-362.2415496951627,"z":99.71749117485756},"min":{"x":805.0486404476636,"y":-414.6309200113101,"z":4.936249795240012}},"children":[{"tileInfo":{"boundingBox":{"max":{"x":963.3791628103728,"y":-362.2415496951627,"z":99.71749117485756},"min":{"x":805.0486404476636,"y":-414.6309200113101,"z":4.936249795240012}},"lodNum":3,"modelPath":"Tile_-14622_42671_0000_0000_0000.s3mb","rangeMode":"pixelSizeOnScreen","rangeValue":8.0}}],"lodNum":2,"modelPath":"Tile_-14622_42671_0000_0001_0000.s3mb","rangeMode":"pixelSizeOnScreen","rangeValue":4.0}}],"lodNum":1,"modelPath":"Tile_-14622_42671_0000_0002_0000.s3mb","rangeMode":"pixelSizeOnScreen","rangeValue":2.0}},{"tileInfo":{"boundingBox":{"max":{"x":954.2802066886502,"y":-446.5890586077883,"z":152.2449512468892},"min":{"x":805.3117871869312,"y":-512.9069374413796,"z":4.929058152175048}},"children":[{"tileInfo":{"boundingBox":{"max":{"x":954.2802066886502,"y":-446.5890586077883,"z":152.2449512468892},"min":{"x":805.3117871869312,"y":-512.9069374413796,"z":4.929058152175048}},"children":[{"tileInfo":{"boundingBox":{"max":{"x":954.2802066886502,"y":-446.5873732915461,"z":152.2449512468892},"min":{"x":805.3099477113354,"y":-512.9069374425274,"z":4.921497649359137}},"children":[{"tileInfo":{"boundingBox":{"max":{"x":954.2802066886502,"y":-446.5873732915461,"z":152.2449512468892},"min":{"x":805.3099477113354,"y":-512.9069374425274,"z":4.921572881976828}},"lodNum":4,"modelPath":"Tile_-14622_42671_0000_-0001_0001.s3mb","rangeMode":"pixelSizeOnScreen","rangeValue":16.0}},{"tileInfo":{"boundingBox":{"max":{"x":954.0835354959503,"y":-478.0902314426396,"z":18.85388409991243},"min":{"x":835.3579522341174,"y":-512.1880782086678,"z":4.921497649359137}},"lodNum":4,"modelPath":"Tile_-14622_42671_0000_-0001_0002.s3mb","rangeMode":"pixelSizeOnScreen","rangeValue":16.0}}],"lodNum":3,"modelPath":"Tile_-14622_42671_0000_0000_0001.s3mb","rangeMode":"pixelSizeOnScreen","rangeValue":8.0}}],"lodNum":2,"modelPath":"Tile_-14622_42671_0000_0001_0001.s3mb","rangeMode":"pixelSizeOnScreen","rangeValue":4.0}}],"lodNum":1,"modelPath":"Tile_-14622_42671_0000_0002_0001.s3mb","rangeMode":"pixelSizeOnScreen","rangeValue":2.0}}],"lodNum":0,"modelPath":"Tile_-14622_42671_0000.s3mb","rangeMode":"pixelSizeOnScreen","rangeValue":1.0}}}
