{"lodTreeExport":{"name":"Tile_-14624_42670_0000","status":{"lodCount":5,"tilesCount":12},"tileInfo":{"boundingBox":{"max":{"x":644.1811795237746,"y":246.6991147534521,"z":111.0269629170165},"min":{"x":491.0356197561249,"y":9.604821340233734,"z":4.970504685987309}},"children":[{"tileInfo":{"boundingBox":{"max":{"x":610.7131843069168,"y":246.6991147534521,"z":101.9663271993557},"min":{"x":491.0356197561249,"y":190.0623916764081,"z":4.978602309973488}},"children":[{"tileInfo":{"boundingBox":{"max":{"x":610.7131843069168,"y":246.6991147534521,"z":101.9663271993557},"min":{"x":491.0356197561249,"y":190.0623916764081,"z":4.978602309973488}},"children":[{"tileInfo":{"boundingBox":{"max":{"x":610.7131843069168,"y":246.6991147534521,"z":101.9663271993557},"min":{"x":491.0356197561249,"y":190.0623916764081,"z":4.978602309973488}},"lodNum":3,"modelPath":"Tile_-14624_42670_0000_0000_0000.s3mb","rangeMode":"pixelSizeOnScreen","rangeValue":8.0}}],"lodNum":2,"modelPath":"Tile_-14624_42670_0000_0001_0000.s3mb","rangeMode":"pixelSizeOnScreen","rangeValue":4.0}}],"lodNum":1,"modelPath":"Tile_-14624_42670_0000_0002_0000.s3mb","rangeMode":"pixelSizeOnScreen","rangeValue":2.0}},{"tileInfo":{"boundingBox":{"max":{"x":632.0508922376223,"y":137.2109631446355,"z":111.0269629170165},"min":{"x":503.5464824739092,"y":9.604821340233734,"z":4.980750649765752}},"children":[{"tileInfo":{"boundingBox":{"max":{"x":632.0508922376223,"y":137.2109631446355,"z":111.0269629170165},"min":{"x":503.5464824739092,"y":9.604821340233734,"z":4.980750649765752}},"children":[{"tileInfo":{"boundingBox":{"max":{"x":632.0487835895679,"y":137.2075471889157,"z":111.0310465726396},"min":{"x":503.5464824739092,"y":9.604821340233734,"z":4.975642223224128}},"children":[{"tileInfo":{"boundingBox":{"max":{"x":632.0455075857509,"y":137.2075471889157,"z":111.0310465726396},"min":{"x":503.5464824739092,"y":9.604821340233734,"z":4.975642223224128}},"lodNum":4,"modelPath":"Tile_-14624_42670_0000_-0001_0001.s3mb","rangeMode":"pixelSizeOnScreen","rangeValue":16.0}},{"tileInfo":{"boundingBox":{"max":{"x":632.0487835895679,"y":137.2075471889157,"z":111.0310465726396},"min":{"x":504.1377575563803,"y":10.57201321466108,"z":4.975642223224128}},"lodNum":4,"modelPath":"Tile_-14624_42670_0000_-0001_0002.s3mb","rangeMode":"pixelSizeOnScreen","rangeValue":16.0}}],"lodNum":3,"modelPath":"Tile_-14624_42670_0000_0000_0001.s3mb","rangeMode":"pixelSizeOnScreen","rangeValue":8.0}}],"lodNum":2,"modelPath":"Tile_-14624_42670_0000_0001_0001.s3mb","rangeMode":"pixelSizeOnScreen","rangeValue":4.0}}],"lodNum":1,"modelPath":"Tile_-14624_42670_0000_0002_0001.s3mb","rangeMode":"pixelSizeOnScreen","rangeValue":2.0}},{"tileInfo":{"boundingBox":{"max":{"x":644.1811795237746,"y":236.9478172458173,"z":101.9631742284023},"min":{"x":584.3550577079501,"y":190.0691455782513,"z":4.970504685987309}},"children":[{"tileInfo":{"boundingBox":{"max":{"x":644.1811795237746,"y":236.9478172458173,"z":101.9631742284023},"min":{"x":584.3550577079501,"y":190.0691455782513,"z":4.970504685987309}},"children":[{"tileInfo":{"boundingBox":{"max":{"x":644.1811795237746,"y":236.9478172458173,"z":101.9631742284023},"min":{"x":584.3550577079501,"y":190.0691455782513,"z":4.970504685987309}},"lodNum":3,"modelPath":"Tile_-14624_42670_0000_0000_0002.s3mb","rangeMode":"pixelSizeOnScreen","rangeValue":8.0}}],"lodNum":2,"modelPath":"Tile_-14624_42670_0000_0001_0002.s3mb","rangeMode":"pixelSizeOnScreen","rangeValue":4.0}}],"lodNum":1,"modelPath":"Tile_-14624_42670_0000_0002_0002.s3mb","rangeMode":"pixelSizeOnScreen","rangeValue":2.0}}],"lodNum":0,"modelPath":"Tile_-14624_42670_0000.s3mb","rangeMode":"pixelSizeOnScreen","rangeValue":1.0}}}
