{"lodTreeExport":{"name":"Tile_-40950_119479_0000","tileInfo":{"lodNum":0,"modelPath":"Tile_-40950_119479_0000.s3mb","rangeMode":"pixelSizeOnScreen","rangeValue":1.0,"boundingBox":{"min":{"x":-82.91581726074219,"y":-87.24954986572266,"z":5.0},"max":{"x":82.91580963134766,"y":87.25045013427735,"z":230.14584350585938}},"children":[{"tileInfo":{"lodNum":1,"modelPath":"Tile_-40950_119479_0000_0004_0000.s3mb","rangeMode":"pixelSizeOnScreen","rangeValue":2.0,"boundingBox":{"min":{"x":-82.91581726074219,"y":-87.24954986572266,"z":5.0},"max":{"x":82.91580963134766,"y":87.25045013427735,"z":230.14584350585938}},"children":[{"tileInfo":{"lodNum":2,"modelPath":"Tile_-40950_119479_0000_0003_0000.s3mb","rangeMode":"pixelSizeOnScreen","rangeValue":4.0,"boundingBox":{"min":{"x":-82.91581726074219,"y":-87.24954986572266,"z":5.0},"max":{"x":82.91580963134766,"y":87.25045013427735,"z":230.14584350585938}},"children":[{"tileInfo":{"lodNum":3,"modelPath":"Tile_-40950_119479_0000_0002_0000.s3mb","rangeMode":"pixelSizeOnScreen","rangeValue":8.0,"boundingBox":{"min":{"x":-82.91581726074219,"y":-87.24954986572266,"z":5.0},"max":{"x":82.91580963134766,"y":87.25045013427735,"z":230.14584350585938}},"children":[{"tileInfo":{"lodNum":4,"modelPath":"Tile_-40950_119479_0000_0001_0000.s3mb","rangeMode":"pixelSizeOnScreen","rangeValue":16.0,"boundingBox":{"min":{"x":-82.91581726074219,"y":-87.24954986572266,"z":5.0},"max":{"x":82.91580963134766,"y":87.25045013427735,"z":230.14584350585938}},"children":[{"tileInfo":{"lodNum":5,"modelPath":"Tile_-40950_119479_0000_0000_0000.s3mb","rangeMode":"pixelSizeOnScreen","rangeValue":32.0,"boundingBox":{"min":{"x":-82.91581726074219,"y":-87.24954986572266,"z":5.0},"max":{"x":82.91580963134766,"y":87.25045013427735,"z":230.14584350585938}},"children":[{"tileInfo":{"lodNum":6,"modelPath":"Tile_-40950_119479_0000_-0001_0000.s3mb","rangeMode":"pixelSizeOnScreen","rangeValue":64.0,"boundingBox":{"min":{"x":-82.91581726074219,"y":-87.24954986572266,"z":5.0},"max":{"x":82.91580963134766,"y":87.25045013427735,"z":230.14584350585938}}}},{"tileInfo":{"lodNum":6,"modelPath":"Tile_-40950_119479_0000_-0001_0001.s3mb","rangeMode":"pixelSizeOnScreen","rangeValue":64.0,"boundingBox":{"min":{"x":-82.91581726074219,"y":-87.24954986572266,"z":5.0},"max":{"x":56.235469818115237,"y":87.25045013427735,"z":230.14584350585938}}}}]}}]}}]}}]}},{"tileInfo":{"lodNum":2,"modelPath":"Tile_-40950_119479_0000_0003_0001.s3mb","rangeMode":"pixelSizeOnScreen","rangeValue":4.0,"boundingBox":{"min":{"x":-51.44167709350586,"y":-36.92770004272461,"z":39.25447082519531},"max":{"x":51.44167709350586,"y":36.92804718017578,"z":49.68049621582031}},"children":[{"tileInfo":{"lodNum":3,"modelPath":"Tile_-40950_119479_0000_0002_0001.s3mb","rangeMode":"pixelSizeOnScreen","rangeValue":8.0,"boundingBox":{"min":{"x":-51.44167709350586,"y":-36.92770004272461,"z":39.25447082519531},"max":{"x":51.44167709350586,"y":36.92804718017578,"z":49.68049621582031}},"children":[{"tileInfo":{"lodNum":4,"modelPath":"Tile_-40950_119479_0000_0001_0001.s3mb","rangeMode":"pixelSizeOnScreen","rangeValue":16.0,"boundingBox":{"min":{"x":-51.44167709350586,"y":-36.92770004272461,"z":39.25447082519531},"max":{"x":51.44167709350586,"y":36.92804718017578,"z":49.68049621582031}},"children":[{"tileInfo":{"lodNum":5,"modelPath":"Tile_-40950_119479_0000_0000_0001.s3mb","rangeMode":"pixelSizeOnScreen","rangeValue":32.0,"boundingBox":{"min":{"x":-51.44167709350586,"y":-36.92770004272461,"z":39.25447082519531},"max":{"x":51.44167709350586,"y":36.92804718017578,"z":49.68049621582031}}}}]}}]}}]}}]}}]},"status":{"lodCount":6,"tilesCount":12}}}