{"lodTreeExport":{"name":"Tile_-14627_42671_0000","status":{"lodCount":4,"tilesCount":4},"tileInfo":{"boundingBox":{"max":{"x":942.4124734178110,"y":975.3403153567242,"z":57.85686788639286},"min":{"x":711.9379856019660,"y":937.8747442288624,"z":4.89237587928920}},"children":[{"tileInfo":{"boundingBox":{"max":{"x":942.4124734178110,"y":975.3403153567242,"z":57.85686788639286},"min":{"x":711.9379856019660,"y":937.8747442288624,"z":4.89237587928920}},"children":[{"tileInfo":{"boundingBox":{"max":{"x":942.4124734178110,"y":975.3403153567242,"z":57.85686788639286},"min":{"x":711.9379856019660,"y":937.8747442288624,"z":4.89237587928920}},"children":[{"tileInfo":{"boundingBox":{"max":{"x":942.4124734178110,"y":975.3403153567242,"z":57.85686788639286},"min":{"x":711.9379856019660,"y":937.8747442288624,"z":4.89237587928920}},"lodNum":3,"modelPath":"Tile_-14627_42671_0000_0000_0000.s3mb","rangeMode":"pixelSizeOnScreen","rangeValue":8.0}}],"lodNum":2,"modelPath":"Tile_-14627_42671_0000_0001_0000.s3mb","rangeMode":"pixelSizeOnScreen","rangeValue":4.0}}],"lodNum":1,"modelPath":"Tile_-14627_42671_0000_0002_0000.s3mb","rangeMode":"pixelSizeOnScreen","rangeValue":2.0}}],"lodNum":0,"modelPath":"Tile_-14627_42671_0000.s3mb","rangeMode":"pixelSizeOnScreen","rangeValue":1.0}}}
