{"lodTreeExport":{"name":"Tile_-40951_119481_0000","tileInfo":{"lodNum":0,"modelPath":"Tile_-40951_119481_0000.s3mb","rangeMode":"pixelSizeOnScreen","rangeValue":1.0,"boundingBox":{"min":{"x":-64.55284118652344,"y":-56.005615234375,"z":5.0},"max":{"x":64.55284118652344,"y":56.00616455078125,"z":23.000001907348634}},"children":[{"tileInfo":{"lodNum":1,"modelPath":"Tile_-40951_119481_0000_0004_0000.s3mb","rangeMode":"pixelSizeOnScreen","rangeValue":2.0,"boundingBox":{"min":{"x":-64.55284118652344,"y":-56.005615234375,"z":5.0},"max":{"x":64.55284118652344,"y":56.00616455078125,"z":23.000001907348634}},"children":[{"tileInfo":{"lodNum":2,"modelPath":"Tile_-40951_119481_0000_0003_0000.s3mb","rangeMode":"pixelSizeOnScreen","rangeValue":4.0,"boundingBox":{"min":{"x":-64.55284118652344,"y":-56.005615234375,"z":5.0},"max":{"x":64.55284118652344,"y":56.00616455078125,"z":23.000001907348634}},"children":[{"tileInfo":{"lodNum":3,"modelPath":"Tile_-40951_119481_0000_0002_0000.s3mb","rangeMode":"pixelSizeOnScreen","rangeValue":8.0,"boundingBox":{"min":{"x":-64.55284118652344,"y":-56.005615234375,"z":5.0},"max":{"x":64.55284118652344,"y":56.00616455078125,"z":23.000001907348634}},"children":[{"tileInfo":{"lodNum":4,"modelPath":"Tile_-40951_119481_0000_0001_0000.s3mb","rangeMode":"pixelSizeOnScreen","rangeValue":16.0,"boundingBox":{"min":{"x":-64.55284118652344,"y":-56.005615234375,"z":5.0},"max":{"x":64.55284118652344,"y":56.00616455078125,"z":23.000001907348634}},"children":[{"tileInfo":{"lodNum":5,"modelPath":"Tile_-40951_119481_0000_0000_0000.s3mb","rangeMode":"pixelSizeOnScreen","rangeValue":32.0,"boundingBox":{"min":{"x":-64.55284118652344,"y":-56.005615234375,"z":5.0},"max":{"x":64.55284118652344,"y":56.00616455078125,"z":23.000001907348634}}}}]}}]}}]}}]}}]},"status":{"lodCount":5,"tilesCount":6}}}