{"lodTreeExport":{"name":"Tile_-40948_119476_0000","tileInfo":{"lodNum":0,"modelPath":"Tile_-40948_119476_0000.s3mb","rangeMode":"pixelSizeOnScreen","rangeValue":1.0,"boundingBox":{"min":{"x":-12.336405754089356,"y":-8.722469329833985,"z":12.001401901245118},"max":{"x":12.336405754089356,"y":8.722489356994629,"z":13.304117202758789}},"children":[{"tileInfo":{"lodNum":1,"modelPath":"Tile_-40948_119476_0000_0004_0000.s3mb","rangeMode":"pixelSizeOnScreen","rangeValue":2.0,"boundingBox":{"min":{"x":-12.336405754089356,"y":-8.722469329833985,"z":12.001401901245118},"max":{"x":12.336405754089356,"y":8.722489356994629,"z":13.304117202758789}},"children":[{"tileInfo":{"lodNum":2,"modelPath":"Tile_-40948_119476_0000_0003_0000.s3mb","rangeMode":"pixelSizeOnScreen","rangeValue":4.0,"boundingBox":{"min":{"x":-12.336405754089356,"y":-8.722469329833985,"z":12.001401901245118},"max":{"x":12.336405754089356,"y":8.722489356994629,"z":13.304117202758789}},"children":[{"tileInfo":{"lodNum":3,"modelPath":"Tile_-40948_119476_0000_0002_0000.s3mb","rangeMode":"pixelSizeOnScreen","rangeValue":8.0,"boundingBox":{"min":{"x":-12.336405754089356,"y":-8.722469329833985,"z":12.001401901245118},"max":{"x":12.336405754089356,"y":8.722489356994629,"z":13.304117202758789}},"children":[{"tileInfo":{"lodNum":4,"modelPath":"Tile_-40948_119476_0000_0001_0000.s3mb","rangeMode":"pixelSizeOnScreen","rangeValue":16.0,"boundingBox":{"min":{"x":-12.336405754089356,"y":-8.722469329833985,"z":12.001401901245118},"max":{"x":12.336405754089356,"y":8.722489356994629,"z":13.304117202758789}},"children":[{"tileInfo":{"lodNum":5,"modelPath":"Tile_-40948_119476_0000_0000_0000.s3mb","rangeMode":"pixelSizeOnScreen","rangeValue":32.0,"boundingBox":{"min":{"x":-12.336405754089356,"y":-8.722469329833985,"z":12.001401901245118},"max":{"x":12.336405754089356,"y":8.722489356994629,"z":13.304117202758789}}}}]}}]}}]}}]}}]},"status":{"lodCount":5,"tilesCount":6}}}