{"lodTreeExport":{"name":"Tile_-14622_42668_0000","status":{"lodCount":4,"tilesCount":4},"tileInfo":{"boundingBox":{"max":{"x":264.7703931983070,"y":-328.3339142964799,"z":29.59033048311145},"min":{"x":-151.6054985193717,"y":-539.8691731611667,"z":4.979622691644813}},"children":[{"tileInfo":{"boundingBox":{"max":{"x":264.7703931983070,"y":-328.3339142964799,"z":29.59033048311145},"min":{"x":-151.6054985193717,"y":-539.8691731611667,"z":4.979622691644813}},"children":[{"tileInfo":{"boundingBox":{"max":{"x":264.7703931983070,"y":-328.3339142964799,"z":29.59033048311145},"min":{"x":-151.6054985193717,"y":-539.8691731611667,"z":4.979622691644813}},"children":[{"tileInfo":{"boundingBox":{"max":{"x":264.7703931983070,"y":-328.3339142964799,"z":29.59033048311145},"min":{"x":-151.6054985193717,"y":-539.8691731611667,"z":4.979622691644813}},"lodNum":3,"modelPath":"Tile_-14622_42668_0000_0000_0000.s3mb","rangeMode":"pixelSizeOnScreen","rangeValue":8.0}}],"lodNum":2,"modelPath":"Tile_-14622_42668_0000_0001_0000.s3mb","rangeMode":"pixelSizeOnScreen","rangeValue":4.0}}],"lodNum":1,"modelPath":"Tile_-14622_42668_0000_0002_0000.s3mb","rangeMode":"pixelSizeOnScreen","rangeValue":2.0}}],"lodNum":0,"modelPath":"Tile_-14622_42668_0000.s3mb","rangeMode":"pixelSizeOnScreen","rangeValue":1.0}}}
