{"lodTreeExport":{"name":"Tile_-14626_42668_0000","status":{"lodCount":4,"tilesCount":4},"tileInfo":{"boundingBox":{"max":{"x":192.3305068973978,"y":931.8446277358688,"z":78.36359108667979},"min":{"x":-16.91019646639433,"y":544.5556734108404,"z":4.956342211951519}},"children":[{"tileInfo":{"boundingBox":{"max":{"x":192.3305068973978,"y":931.8446277358688,"z":78.36359108667979},"min":{"x":-16.91019646639433,"y":544.5556734108404,"z":4.956342211951519}},"children":[{"tileInfo":{"boundingBox":{"max":{"x":192.3305068973978,"y":931.8446277358688,"z":78.36359108667979},"min":{"x":-16.91019646639433,"y":544.5556734108404,"z":4.956342211951519}},"children":[{"tileInfo":{"boundingBox":{"max":{"x":192.3305068973978,"y":931.8446277358688,"z":78.36359108667979},"min":{"x":-16.91019646639433,"y":544.5556734108404,"z":4.956342211951519}},"lodNum":3,"modelPath":"Tile_-14626_42668_0000_0000_0000.s3mb","rangeMode":"pixelSizeOnScreen","rangeValue":8.0}}],"lodNum":2,"modelPath":"Tile_-14626_42668_0000_0001_0000.s3mb","rangeMode":"pixelSizeOnScreen","rangeValue":4.0}}],"lodNum":1,"modelPath":"Tile_-14626_42668_0000_0002_0000.s3mb","rangeMode":"pixelSizeOnScreen","rangeValue":2.0}}],"lodNum":0,"modelPath":"Tile_-14626_42668_0000.s3mb","rangeMode":"pixelSizeOnScreen","rangeValue":1.0}}}
