{"lodTreeExport":{"name":"Tile_-14624_42669_0000","status":{"lodCount":5,"tilesCount":12},"tileInfo":{"boundingBox":{"max":{"x":437.8275276664748,"y":357.9980106925642,"z":59.15751805556610},"min":{"x":121.3728753215997,"y":0.8607998487918493,"z":4.992891675583421}},"children":[{"tileInfo":{"boundingBox":{"max":{"x":437.8275276664748,"y":357.9980106925642,"z":59.15751805556610},"min":{"x":121.3728753215997,"y":160.0283224933260,"z":4.992891675583421}},"children":[{"tileInfo":{"boundingBox":{"max":{"x":437.8275276664748,"y":357.9980106925642,"z":59.15751805556610},"min":{"x":121.3728753215997,"y":160.0283224933260,"z":4.992891675583421}},"children":[{"tileInfo":{"boundingBox":{"max":{"x":437.8281185341875,"y":357.9976592812666,"z":59.16430578458315},"min":{"x":121.3728564297142,"y":160.0326733847024,"z":4.983361947179707}},"children":[{"tileInfo":{"boundingBox":{"max":{"x":309.4229906313808,"y":190.8688453033669,"z":59.16430578458315},"min":{"x":274.6365104627649,"y":160.106112873150,"z":4.992868174742922}},"lodNum":4,"modelPath":"Tile_-14624_42669_0000_-0001_0000.s3mb","rangeMode":"pixelSizeOnScreen","rangeValue":16.0}},{"tileInfo":{"boundingBox":{"max":{"x":437.8281185341875,"y":357.9976592812666,"z":51.63213637577524},"min":{"x":121.3728564297142,"y":160.0326733847024,"z":4.983361947179707}},"lodNum":4,"modelPath":"Tile_-14624_42669_0000_-0001_0001.s3mb","rangeMode":"pixelSizeOnScreen","rangeValue":16.0}}],"lodNum":3,"modelPath":"Tile_-14624_42669_0000_0000_0000.s3mb","rangeMode":"pixelSizeOnScreen","rangeValue":8.0}}],"lodNum":2,"modelPath":"Tile_-14624_42669_0000_0001_0000.s3mb","rangeMode":"pixelSizeOnScreen","rangeValue":4.0}}],"lodNum":1,"modelPath":"Tile_-14624_42669_0000_0002_0000.s3mb","rangeMode":"pixelSizeOnScreen","rangeValue":2.0}},{"tileInfo":{"boundingBox":{"max":{"x":425.7065511080367,"y":148.4599265753647,"z":25.98592502107280},"min":{"x":138.8746830167651,"y":0.8607998487918493,"z":4.994325684287571}},"children":[{"tileInfo":{"boundingBox":{"max":{"x":425.7065511080367,"y":148.4599265753647,"z":25.98592502107280},"min":{"x":138.8746830167651,"y":0.8607998487918493,"z":4.994325684287571}},"children":[{"tileInfo":{"boundingBox":{"max":{"x":425.7065511080367,"y":148.4599265753647,"z":25.98592502107280},"min":{"x":138.8746830167651,"y":0.8607998487918493,"z":4.994325684287571}},"lodNum":3,"modelPath":"Tile_-14624_42669_0000_0000_0001.s3mb","rangeMode":"pixelSizeOnScreen","rangeValue":8.0}}],"lodNum":2,"modelPath":"Tile_-14624_42669_0000_0001_0001.s3mb","rangeMode":"pixelSizeOnScreen","rangeValue":4.0}}],"lodNum":1,"modelPath":"Tile_-14624_42669_0000_0002_0001.s3mb","rangeMode":"pixelSizeOnScreen","rangeValue":2.0}},{"tileInfo":{"boundingBox":{"max":{"x":435.1155459347914,"y":283.4874935297433,"z":25.07148737241571},"min":{"x":312.4678816345005,"y":34.15516713194435,"z":4.993752464046247}},"children":[{"tileInfo":{"boundingBox":{"max":{"x":435.1155459347914,"y":283.4874935297433,"z":25.07148737241571},"min":{"x":312.4678816345005,"y":34.15516713194435,"z":4.993752464046247}},"children":[{"tileInfo":{"boundingBox":{"max":{"x":435.1155459347914,"y":283.4874935297433,"z":25.07148737241571},"min":{"x":312.4678816345005,"y":34.15516713194435,"z":4.993752464046247}},"lodNum":3,"modelPath":"Tile_-14624_42669_0000_0000_0002.s3mb","rangeMode":"pixelSizeOnScreen","rangeValue":8.0}}],"lodNum":2,"modelPath":"Tile_-14624_42669_0000_0001_0002.s3mb","rangeMode":"pixelSizeOnScreen","rangeValue":4.0}}],"lodNum":1,"modelPath":"Tile_-14624_42669_0000_0002_0002.s3mb","rangeMode":"pixelSizeOnScreen","rangeValue":2.0}}],"lodNum":0,"modelPath":"Tile_-14624_42669_0000.s3mb","rangeMode":"pixelSizeOnScreen","rangeValue":1.0}}}
