{"lodTreeExport":{"name":"Tile_-14627_42664_0000","status":{"lodCount":4,"tilesCount":6},"tileInfo":{"boundingBox":{"max":{"x":-722.3659710944928,"y":1048.000399881174,"z":70.86221674315641},"min":{"x":-961.8297781865743,"y":836.4097322393759,"z":4.859064699752089}},"children":[{"tileInfo":{"boundingBox":{"max":{"x":-722.3659710944928,"y":1048.000399881174,"z":70.86221674315641},"min":{"x":-961.8297781865743,"y":836.4097322393759,"z":4.859064699752089}},"children":[{"tileInfo":{"boundingBox":{"max":{"x":-817.0942371931077,"y":1048.000399881174,"z":70.86221674315641},"min":{"x":-961.8297781865743,"y":938.5885215551028,"z":4.859064699752089}},"children":[{"tileInfo":{"boundingBox":{"max":{"x":-817.0942371931077,"y":1048.000399881174,"z":70.86221674315641},"min":{"x":-961.8297781865743,"y":938.5885215551028,"z":4.859064699752089}},"lodNum":3,"modelPath":"Tile_-14627_42664_0000_0000_0000.s3mb","rangeMode":"pixelSizeOnScreen","rangeValue":8.0}}],"lodNum":2,"modelPath":"Tile_-14627_42664_0000_0001_0000.s3mb","rangeMode":"pixelSizeOnScreen","rangeValue":4.0}},{"tileInfo":{"boundingBox":{"max":{"x":-722.3659710944928,"y":1021.262060513384,"z":11.27884751325330},"min":{"x":-930.1531687667909,"y":836.4097322393759,"z":4.878849527000329}},"children":[{"tileInfo":{"boundingBox":{"max":{"x":-722.3659710944928,"y":1021.262060513384,"z":11.27884751325330},"min":{"x":-930.1531687667909,"y":836.4097322393759,"z":4.878849527000329}},"lodNum":3,"modelPath":"Tile_-14627_42664_0000_0000_0001.s3mb","rangeMode":"pixelSizeOnScreen","rangeValue":8.0}}],"lodNum":2,"modelPath":"Tile_-14627_42664_0000_0001_0001.s3mb","rangeMode":"pixelSizeOnScreen","rangeValue":4.0}}],"lodNum":1,"modelPath":"Tile_-14627_42664_0000_0002_0000.s3mb","rangeMode":"pixelSizeOnScreen","rangeValue":2.0}}],"lodNum":0,"modelPath":"Tile_-14627_42664_0000.s3mb","rangeMode":"pixelSizeOnScreen","rangeValue":1.0}}}
